numeroOrden,codigoProducto,cantidadOrdenada,precio,numeroLinea,numeroVendedor
10100,S18_1749,30,136,3,1002
10100,S18_2248,50,55.09,2,1056
10100,S18_4409,22,75.46,4,1076
10100,S24_3969,49,35.29,1,1088
10101,S18_2325,25,108.06,4,1102
10101,S18_2795,26,167.06,1,1143
10101,S24_1937,45,32.53,3,1165
10101,S24_2022,46,44.35,2,1166
10102,S18_1342,39,95.55,2,1188
10102,S18_1367,41,43.13,1,1216
10103,S10_1949,26,214.3,11,1286
10103,S10_4962,42,119.67,4,1323
10103,S12_1666,27,121.64,8,1337
10103,S18_1097,35,94.5,10,1370
10103,S18_2432,22,58.34,2,1401
10103,S18_2949,27,92.19,12,1501
10103,S18_2957,35,61.84,14,1504
10103,S18_3136,25,86.92,13,1611
10103,S18_3320,46,86.31,16,1612
10103,S18_4600,36,98.07,5,1619
10103,S18_4668,41,40.75,9,1621
10103,S24_2300,36,107.34,1,1625
10103,S24_4258,25,88.62,15,1702
10103,S32_1268,31,92.46,3,1002
10103,S32_3522,45,63.35,7,1056
10103,S700_2824,42,94.07,6,1076
10104,S12_3148,34,131.44,1,1088
10104,S12_4473,41,111.39,9,1102
10104,S18_2238,24,135.9,8,1143
10104,S18_2319,29,122.73,12,1165
10104,S18_3232,23,165.95,13,1166
10104,S18_4027,38,119.2,3,1188
10104,S24_1444,35,52.02,6,1216
10104,S24_2840,44,30.41,10,1286
10104,S24_4048,26,106.45,5,1323
10104,S32_2509,35,51.95,11,1337
10104,S32_3207,49,56.55,4,1370
10104,S50_1392,33,114.59,7,1401
10104,S50_1514,32,53.31,2,1501
10105,S10_4757,50,127.84,2,1504
10105,S12_1108,41,205.72,15,1611
10105,S12_3891,29,141.88,14,1612
10105,S18_3140,22,136.59,11,1619
10105,S18_3259,38,87.73,13,1621
10105,S18_4522,41,75.48,10,1625
10105,S24_2011,43,117.97,9,1702
10105,S24_3151,44,73.46,4,1002
10105,S24_3816,50,75.47,1,1056
10105,S700_1138,41,54,5,1076
10105,S700_1938,29,86.61,12,1088
10105,S700_2610,31,60.72,3,1102
10105,S700_3505,39,92.16,6,1143
10105,S700_3962,22,99.31,7,1165
10105,S72_3212,25,44.77,8,1166
10106,S18_1662,36,134.04,12,1188
10106,S18_2581,34,81.1,2,1216
10106,S18_3029,41,80.86,18,1286
10106,S18_3856,41,94.22,17,1323
10106,S24_1785,28,107.23,4,1337
10106,S24_2841,49,65.77,13,1370
10106,S24_3420,31,55.89,14,1401
10106,S24_3949,50,55.96,11,1501
10106,S24_4278,26,71,3,1504
10106,S32_4289,33,65.35,5,1611
10106,S50_1341,39,35.78,6,1612
10106,S700_1691,31,91.34,7,1619
10106,S700_2047,30,85.09,16,1621
10106,S700_2466,34,99.72,9,1625
10106,S700_2834,32,113.9,1,1702
10106,S700_3167,44,76,8,1002
10106,S700_4002,48,70.33,10,1056
10106,S72_1253,48,43.7,15,1076
10107,S10_1678,30,81.35,2,1088
10107,S10_2016,39,105.86,5,1102
10107,S10_4698,27,172.36,4,1143
10107,S12_2823,21,122,1,1165
10107,S18_2625,29,52.7,6,1166
10107,S24_1578,25,96.92,3,1188
10107,S24_2000,38,73.12,7,1216
10107,S32_1374,20,88.9,8,1286
10108,S12_1099,33,165.38,6,1323
10108,S12_3380,45,96.3,4,1337
10108,S12_3990,39,75.81,7,1370
10108,S12_4675,36,107.1,3,1401
10108,S18_1889,38,67.76,2,1501
10108,S18_3278,26,73.17,9,1504
10108,S18_3482,29,132.29,8,1611
10108,S18_3782,43,52.84,12,1612
10108,S18_4721,44,139.87,11,1619
10108,S24_2360,35,64.41,15,1621
10108,S24_3371,30,60.01,5,1625
10108,S24_3856,40,132,1,1702
10108,S24_4620,31,67.1,10,1002
10108,S32_2206,27,36.21,13,1056
10108,S32_4485,31,87.76,16,1076
10108,S50_4713,34,74.85,14,1088
10109,S18_1129,26,117.48,4,1102
10109,S18_1984,38,137.98,3,1143
10109,S18_2870,26,126.72,1,1165
10109,S18_3232,46,160.87,5,1166
10109,S18_3685,47,125.74,2,1188
10109,S24_2972,29,32.1,6,1216
10110,S18_1589,37,118.22,16,1286
10110,S18_1749,42,153,7,1323
10110,S18_2248,32,51.46,6,1337
10110,S18_2325,33,115.69,4,1370
10110,S18_2795,31,163.69,1,1401
10110,S18_4409,28,81.91,8,1501
10110,S18_4933,42,62,9,1504
10110,S24_1046,36,72.02,13,1611
10110,S24_1628,29,43.27,15,1612
10110,S24_1937,20,28.88,3,1619
10110,S24_2022,39,40.77,2,1621
10110,S24_2766,43,82.69,11,1625
10110,S24_2887,46,112.74,10,1702
10110,S24_3191,27,80.47,12,1002
10110,S24_3432,37,96.37,14,1056
10110,S24_3969,48,35.29,5,1076
10111,S18_1342,33,87.33,6,1088
10111,S18_1367,48,48.52,5,1102
10111,S18_2957,28,53.09,2,1143
10111,S18_3136,43,94.25,1,1165
10111,S18_3320,39,91.27,4,1166
10111,S24_4258,26,85.7,3,1188
10112,S10_1949,29,197.16,1,1216
10112,S18_2949,23,85.1,2,1286
10113,S12_1666,21,121.64,2,1323
10113,S18_1097,49,101.5,4,1337
10113,S18_4668,50,43.27,3,1370
10113,S32_3522,23,58.82,1,1401
10114,S10_4962,31,128.53,8,1501
10114,S18_2319,39,106.78,3,1504
10114,S18_2432,45,53.48,6,1611
10114,S18_3232,48,169.34,4,1612
10114,S18_4600,41,105.34,9,1619
10114,S24_2300,21,102.23,5,1621
10114,S24_2840,24,28.64,1,1625
10114,S32_1268,32,88.61,7,1702
10114,S32_2509,28,43.83,2,1002
10114,S700_2824,42,82.94,10,1056
10115,S12_4473,46,111.39,5,1076
10115,S18_2238,46,140.81,4,1088
10115,S24_1444,47,56.64,2,1102
10115,S24_4048,44,106.45,1,1143
10115,S50_1392,27,100.7,3,1165
10116,S32_3207,27,60.28,1,1166
10117,S12_1108,33,195.33,9,1188
10117,S12_3148,43,148.06,10,1216
10117,S12_3891,39,173.02,8,1286
10117,S18_3140,26,121.57,5,1323
10117,S18_3259,21,81.68,7,1337
10117,S18_4027,22,122.08,12,1370
10117,S18_4522,23,73.73,4,1401
10117,S24_2011,41,119.2,3,1501
10117,S50_1514,21,55.65,11,1504
10117,S700_1938,38,75.35,6,1611
10117,S700_3962,45,89.38,1,1612
10117,S72_3212,50,52.42,2,1619
10118,S700_3505,36,86.15,1,1621
10119,S10_4757,46,112.88,11,1625
10119,S18_1662,43,151.38,3,1702
10119,S18_3029,21,74.84,9,1002
10119,S18_3856,27,95.28,8,1056
10119,S24_2841,41,64.4,4,1076
10119,S24_3151,35,72.58,13,1088
10119,S24_3420,20,63.12,5,1102
10119,S24_3816,35,82.18,10,1143
10119,S24_3949,28,62.1,2,1165
10119,S700_1138,25,57.34,14,1166
10119,S700_2047,29,74.23,7,1188
10119,S700_2610,38,67.22,12,1216
10119,S700_4002,26,63.67,1,1286
10119,S72_1253,28,40.22,6,1323
10120,S10_2016,29,118.94,3,1337
10120,S10_4698,46,158.8,2,1370
10120,S18_2581,29,82.79,8,1401
10120,S18_2625,46,57.54,4,1501
10120,S24_1578,35,110.45,1,1504
10120,S24_1785,39,93.01,10,1611
10120,S24_2000,34,72.36,5,1612
10120,S24_4278,29,71.73,9,1619
10120,S32_1374,22,94.9,6,1621
10120,S32_4289,29,68.79,11,1625
10120,S50_1341,49,41.46,12,1702
10120,S700_1691,47,91.34,13,1002
10120,S700_2466,24,81.77,15,1056
10120,S700_2834,24,106.79,7,1076
10120,S700_3167,43,72,14,1088
10121,S10_1678,34,86.13,5,1102
10121,S12_2823,50,126.52,4,1143
10121,S24_2360,32,58.18,2,1165
10121,S32_4485,25,95.93,3,1166
10121,S50_4713,44,72.41,1,1188
10122,S12_1099,42,155.66,10,1216
10122,S12_3380,37,113.92,8,1286
10122,S12_3990,32,65.44,11,1323
10122,S12_4675,20,104.8,7,1337
10122,S18_1129,34,114.65,2,1370
10122,S18_1889,43,62.37,6,1401
10122,S18_1984,31,113.8,1,1501
10122,S18_3232,25,137.17,3,1504
10122,S18_3278,21,69.15,13,1611
10122,S18_3482,21,133.76,12,1612
10122,S18_3782,35,59.06,16,1619
10122,S18_4721,28,145.82,15,1621
10122,S24_2972,39,34.74,4,1625
10122,S24_3371,34,50.82,9,1702
10122,S24_3856,43,136.22,5,1002
10122,S24_4620,29,67.1,14,1056
10122,S32_2206,31,33.79,17,1076
10123,S18_1589,26,120.71,2,1088
10123,S18_2870,46,114.84,3,1102
10123,S18_3685,34,117.26,4,1143
10123,S24_1628,50,43.27,1,1165
10124,S18_1749,21,153,6,1166
10124,S18_2248,42,58.12,5,1188
10124,S18_2325,42,111.87,3,1216
10124,S18_4409,36,75.46,7,1286
10124,S18_4933,23,66.28,8,1323
10124,S24_1046,22,62.47,12,1337
10124,S24_1937,45,30.53,2,1370
10124,S24_2022,22,36.29,1,1401
10124,S24_2766,32,74.51,10,1501
10124,S24_2887,25,93.95,9,1504
10124,S24_3191,49,76.19,11,1611
10124,S24_3432,43,101.73,13,1612
10124,S24_3969,46,36.11,4,1619
10125,S18_1342,32,89.38,1,1621
10125,S18_2795,34,138.38,2,1625
10126,S10_1949,38,205.73,11,1702
10126,S10_4962,22,122.62,4,1002
10126,S12_1666,21,135.3,8,1056
10126,S18_1097,38,116.67,10,1076
10126,S18_1367,42,51.21,17,1088
10126,S18_2432,43,51.05,2,1102
10126,S18_2949,31,93.21,12,1143
10126,S18_2957,46,61.84,14,1165
10126,S18_3136,30,93.2,13,1166
10126,S18_3320,38,94.25,16,1188
10126,S18_4600,50,102.92,5,1216
10126,S18_4668,43,47.29,9,1286
10126,S24_2300,27,122.68,1,1323
10126,S24_4258,34,83.76,15,1337
10126,S32_1268,43,82.83,3,1370
10126,S32_3522,26,62.05,7,1401
10126,S700_2824,45,97.1,6,1501
10127,S12_1108,46,193.25,2,1504
10127,S12_3148,46,140.5,3,1611
10127,S12_3891,42,169.56,1,1612
10127,S12_4473,24,100.73,11,1619
10127,S18_2238,45,140.81,10,1621
10127,S18_2319,45,114.14,14,1625
10127,S18_3232,22,149.02,15,1702
10127,S18_4027,25,126.39,5,1002
10127,S24_1444,20,50.86,8,1056
10127,S24_2840,39,34.3,12,1076
10127,S24_4048,20,107.63,7,1088
10127,S32_2509,45,46.53,13,1102
10127,S32_3207,29,60.9,6,1143
10127,S50_1392,46,111.12,9,1165
10127,S50_1514,46,55.65,4,1166
10128,S18_3140,41,120.2,2,1188
10128,S18_3259,41,80.67,4,1216
10128,S18_4522,43,77.24,1,1286
10128,S700_1938,32,72.75,3,1323
10129,S10_4757,33,123.76,2,1337
10129,S24_2011,45,113.06,9,1370
10129,S24_3151,41,81.43,4,1401
10129,S24_3816,50,76.31,1,1501
10129,S700_1138,31,58.67,5,1504
10129,S700_2610,45,72.28,3,1611
10129,S700_3505,42,90.15,6,1612
10129,S700_3962,30,94.34,7,1619
10129,S72_3212,32,44.23,8,1621
10130,S18_3029,40,68.82,2,1625
10130,S18_3856,33,99.52,1,1702
10131,S18_1662,21,141.92,4,1002
10131,S24_2841,35,60.97,5,1056
10131,S24_3420,29,52.6,6,1076
10131,S24_3949,50,54.59,3,1088
10131,S700_2047,22,76.94,8,1102
10131,S700_2466,40,86.76,1,1143
10131,S700_4002,26,63.67,2,1165
10131,S72_1253,21,40.22,7,1166
10132,S700_3167,36,80,1,1188
10133,S18_2581,49,80.26,3,1216
10133,S24_1785,41,109.42,5,1286
10133,S24_4278,46,61.58,4,1323
10133,S32_1374,23,80.91,1,1337
10133,S32_4289,49,67.41,6,1370
10133,S50_1341,27,37.09,7,1401
10133,S700_1691,24,76.73,8,1501
10133,S700_2834,27,115.09,2,1504
10134,S10_1678,41,90.92,2,1611
10134,S10_2016,27,116.56,5,1612
10134,S10_4698,31,187.85,4,1619
10134,S12_2823,20,131.04,1,1621
10134,S18_2625,30,51.48,6,1625
10134,S24_1578,35,94.67,3,1702
10134,S24_2000,43,75.41,7,1002
10135,S12_1099,42,173.17,7,1056
10135,S12_3380,48,110.39,5,1076
10135,S12_3990,24,72.62,8,1088
10135,S12_4675,29,103.64,4,1102
10135,S18_1889,48,66.99,3,1143
10135,S18_3278,45,65.94,10,1165
10135,S18_3482,42,139.64,9,1166
10135,S18_3782,45,49.74,13,1188
10135,S18_4721,31,133.92,12,1216
10135,S24_2360,29,67.18,16,1286
10135,S24_2972,20,34.36,1,1323
10135,S24_3371,27,52.05,6,1337
10135,S24_3856,47,139.03,2,1370
10135,S24_4620,23,76.8,11,1401
10135,S32_2206,33,38.62,14,1501
10135,S32_4485,30,91.85,17,1504
10135,S50_4713,44,78.92,15,1611
10136,S18_1129,25,117.48,2,1612
10136,S18_1984,36,120.91,1,1619
10136,S18_3232,41,169.34,3,1621
10137,S18_1589,44,115.73,2,1625
10137,S18_2870,37,110.88,3,1702
10137,S18_3685,31,118.68,4,1002
10137,S24_1628,26,40.25,1,1056
10138,S18_1749,33,149.6,6,1076
10138,S18_2248,22,51.46,5,1088
10138,S18_2325,38,114.42,3,1102
10138,S18_4409,47,79.15,7,1143
10138,S18_4933,23,64.86,8,1165
10138,S24_1046,45,59.53,12,1166
10138,S24_1937,22,33.19,2,1188
10138,S24_2022,33,38.53,1,1216
10138,S24_2766,28,73.6,10,1286
10138,S24_2887,30,96.3,9,1323
10138,S24_3191,49,77.05,11,1337
10138,S24_3432,21,99.58,13,1370
10138,S24_3969,29,32.82,4,1401
10139,S18_1342,31,89.38,7,1501
10139,S18_1367,49,52.83,6,1504
10139,S18_2795,41,151.88,8,1611
10139,S18_2949,46,91.18,1,1612
10139,S18_2957,20,52.47,3,1619
10139,S18_3136,20,101.58,2,1621
10139,S18_3320,30,81.35,5,1625
10139,S24_4258,29,93.49,4,1702
10140,S10_1949,37,186.44,11,1002
10140,S10_4962,26,131.49,4,1056
10140,S12_1666,38,118.9,8,1076
10140,S18_1097,32,95.67,10,1088
10140,S18_2432,46,51.05,2,1102
10140,S18_4600,40,100.5,5,1143
10140,S18_4668,29,40.25,9,1165
10140,S24_2300,47,118.84,1,1166
10140,S32_1268,26,87.64,3,1188
10140,S32_3522,28,62.05,7,1216
10140,S700_2824,36,101.15,6,1286
10141,S12_4473,21,114.95,5,1323
10141,S18_2238,39,160.46,4,1337
10141,S18_2319,47,103.09,8,1370
10141,S18_3232,34,143.94,9,1401
10141,S24_1444,20,50.86,2,1501
10141,S24_2840,21,32.18,6,1504
10141,S24_4048,40,104.09,1,1611
10141,S32_2509,24,53.03,7,1612
10141,S50_1392,44,94.92,3,1619
10142,S12_1108,33,166.24,12,1621
10142,S12_3148,33,140.5,13,1625
10142,S12_3891,46,167.83,11,1702
10142,S18_3140,47,129.76,8,1002
10142,S18_3259,22,95.8,10,1056
10142,S18_4027,24,122.08,15,1076
10142,S18_4522,24,79.87,7,1088
10142,S24_2011,33,114.29,6,1102
10142,S24_3151,49,74.35,1,1143
10142,S32_3207,42,60.9,16,1165
10142,S50_1514,42,56.24,14,1166
10142,S700_1138,41,55.34,2,1188
10142,S700_1938,43,77.08,9,1216
10142,S700_3505,21,92.16,3,1286
10142,S700_3962,38,91.37,4,1323
10142,S72_3212,39,46.96,5,1337
10143,S10_4757,49,133.28,15,1370
10143,S18_1662,32,126.15,7,1401
10143,S18_3029,46,70.54,13,1501
10143,S18_3856,34,99.52,12,1504
10143,S24_2841,27,63.71,8,1611
10143,S24_3420,33,59.83,9,1612
10143,S24_3816,23,74.64,14,1619
10143,S24_3949,28,55.96,6,1621
10143,S50_1341,34,34.91,1,1625
10143,S700_1691,36,86.77,2,1702
10143,S700_2047,26,87.8,11,1002
10143,S700_2466,26,79.78,4,1056
10143,S700_2610,31,69.39,16,1076
10143,S700_3167,28,70.4,3,1088
10143,S700_4002,34,65.15,5,1102
10143,S72_1253,37,49.66,10,1143
10144,S32_4289,20,56.41,1,1165
10145,S10_1678,45,76.56,6,1166
10145,S10_2016,37,104.67,9,1188
10145,S10_4698,33,154.93,8,1216
10145,S12_2823,49,146.1,5,1286
10145,S18_2581,30,71.81,14,1323
10145,S18_2625,30,52.7,10,1337
10145,S24_1578,43,103.68,7,1370
10145,S24_1785,40,87.54,16,1401
10145,S24_2000,47,63.98,11,1501
10145,S24_2360,27,56.1,3,1504
10145,S24_4278,33,71.73,15,1611
10145,S32_1374,33,99.89,12,1612
10145,S32_2206,31,39.43,1,1619
10145,S32_4485,27,95.93,4,1621
10145,S50_4713,38,73.22,2,1625
10145,S700_2834,20,113.9,13,1702
10146,S18_3782,47,60.3,2,1002
10146,S18_4721,29,130.94,1,1056
10147,S12_1099,48,161.49,7,1076
10147,S12_3380,31,110.39,5,1088
10147,S12_3990,21,74.21,8,1102
10147,S12_4675,33,97.89,4,1143
10147,S18_1889,26,70.84,3,1165
10147,S18_3278,36,74.78,10,1166
10147,S18_3482,37,129.35,9,1188
10147,S24_2972,25,33.23,1,1216
10147,S24_3371,30,48.98,6,1286
10147,S24_3856,23,123.58,2,1323
10147,S24_4620,31,72.76,11,1337
10148,S18_1129,23,114.65,13,1370
10148,S18_1589,47,108.26,9,1401
10148,S18_1984,25,136.56,12,1501
10148,S18_2870,27,113.52,10,1504
10148,S18_3232,32,143.94,14,1611
10148,S18_3685,28,135.63,11,1612
10148,S18_4409,34,83.75,1,1619
10148,S18_4933,29,66.28,2,1621
10148,S24_1046,25,65.41,6,1625
10148,S24_1628,47,46.29,8,1702
10148,S24_2766,21,77.24,4,1002
10148,S24_2887,34,115.09,3,1056
10148,S24_3191,31,71.91,5,1076
10148,S24_3432,27,96.37,7,1088
10149,S18_1342,50,87.33,4,1102
10149,S18_1367,30,48.52,3,1143
10149,S18_1749,34,156.4,11,1165
10149,S18_2248,24,50.85,10,1166
10149,S18_2325,33,125.86,8,1188
10149,S18_2795,23,167.06,5,1216
10149,S18_3320,42,89.29,2,1286
10149,S24_1937,36,31.2,7,1323
10149,S24_2022,49,39.87,6,1337
10149,S24_3969,26,38.57,9,1370
10149,S24_4258,20,90.57,1,1401
10150,S10_1949,45,182.16,8,1501
10150,S10_4962,20,121.15,1,1504
10150,S12_1666,30,135.3,5,1611
10150,S18_1097,34,95.67,7,1612
10150,S18_2949,47,93.21,9,1619
10150,S18_2957,30,56.21,11,1621
10150,S18_3136,26,97.39,10,1625
10150,S18_4600,49,111.39,2,1702
10150,S18_4668,30,47.29,6,1002
10150,S32_3522,49,62.05,4,1056
10150,S700_2824,20,95.08,3,1076
10151,S12_4473,24,114.95,3,1088
10151,S18_2238,43,152.27,2,1102
10151,S18_2319,49,106.78,6,1143
10151,S18_2432,39,58.34,9,1165
10151,S18_3232,21,167.65,7,1166
10151,S24_2300,42,109.9,8,1188
10151,S24_2840,30,29.35,4,1216
10151,S32_1268,27,84.75,10,1286
10151,S32_2509,41,43.29,5,1323
10151,S50_1392,26,108.81,1,1337
10152,S18_4027,35,117.77,1,1370
10152,S24_1444,25,49.13,4,1401
10152,S24_4048,23,112.37,3,1501
10152,S32_3207,33,57.17,2,1504
10153,S12_1108,20,201.57,11,1611
10153,S12_3148,42,128.42,12,1612
10153,S12_3891,49,155.72,10,1619
10153,S18_3140,31,125.66,7,1621
10153,S18_3259,29,82.69,9,1625
10153,S18_4522,22,82.5,6,1702
10153,S24_2011,40,111.83,5,1002
10153,S50_1514,31,53.31,13,1056
10153,S700_1138,43,58,1,1076
10153,S700_1938,31,80.55,8,1088
10153,S700_3505,50,87.15,2,1102
10153,S700_3962,20,85.41,3,1143
10153,S72_3212,50,51.87,4,1165
10154,S24_3151,31,75.23,2,1166
10154,S700_2610,36,59.27,1,1188
10155,S10_4757,32,129.2,13,1216
10155,S18_1662,38,138.77,5,1286
10155,S18_3029,44,83.44,11,1323
10155,S18_3856,29,105.87,10,1337
10155,S24_2841,23,62.34,6,1370
10155,S24_3420,34,56.55,7,1401
10155,S24_3816,37,76.31,12,1501
10155,S24_3949,44,58.69,4,1504
10155,S700_2047,32,89.61,9,1611
10155,S700_2466,20,87.75,2,1612
10155,S700_3167,43,76.8,1,1619
10155,S700_4002,44,70.33,3,1621
10155,S72_1253,34,49.16,8,1625
10156,S50_1341,20,43.64,1,1702
10156,S700_1691,48,77.64,2,1002
10157,S18_2581,33,69.27,3,1056
10157,S24_1785,40,89.72,5,1076
10157,S24_4278,33,66.65,4,1088
10157,S32_1374,34,83.91,1,1102
10157,S32_4289,28,56.41,6,1143
10157,S700_2834,48,109.16,2,1165
10158,S24_2000,22,67.79,1,1166
10159,S10_1678,49,81.35,14,1188
10159,S10_2016,37,101.1,17,1216
10159,S10_4698,22,170.42,16,1286
10159,S12_1099,41,188.73,2,1323
10159,S12_2823,38,131.04,13,1337
10159,S12_3990,24,67.03,3,1370
10159,S18_2625,42,51.48,18,1401
10159,S18_3278,21,66.74,5,1501
10159,S18_3482,25,129.35,4,1504
10159,S18_3782,21,54.71,8,1611
10159,S18_4721,32,142.85,7,1612
10159,S24_1578,44,100.3,15,1619
10159,S24_2360,27,67.18,11,1621
10159,S24_3371,50,49.6,1,1625
10159,S24_4620,23,80.84,6,1702
10159,S32_2206,35,39.43,9,1002
10159,S32_4485,23,86.74,12,1056
10159,S50_4713,31,78.11,10,1076
10160,S12_3380,46,96.3,6,1088
10160,S12_4675,50,93.28,5,1102
10160,S18_1889,38,70.84,4,1143
10160,S18_3232,20,140.55,1,1165
10160,S24_2972,42,30.59,2,1166
10160,S24_3856,35,130.6,3,1188
10161,S18_1129,28,121.72,12,1216
10161,S18_1589,43,102.04,8,1286
10161,S18_1984,48,139.41,11,1323
10161,S18_2870,23,125.4,9,1337
10161,S18_3685,36,132.8,10,1370
10161,S18_4933,25,62.72,1,1401
10161,S24_1046,37,73.49,5,1501
10161,S24_1628,23,47.29,7,1504
10161,S24_2766,20,82.69,3,1611
10161,S24_2887,25,108.04,2,1612
10161,S24_3191,20,72.77,4,1619
10161,S24_3432,30,94.23,6,1621
10162,S18_1342,48,87.33,2,1625
10162,S18_1367,45,45.28,1,1702
10162,S18_1749,29,141.1,9,1002
10162,S18_2248,27,53.28,8,1056
10162,S18_2325,38,113.15,6,1076
10162,S18_2795,48,156.94,3,1088
10162,S18_4409,39,86.51,10,1102
10162,S24_1937,37,27.55,5,1143
10162,S24_2022,43,38.98,4,1165
10162,S24_3969,37,32.82,7,1166
10163,S10_1949,21,212.16,1,1188
10163,S18_2949,31,101.31,2,1216
10163,S18_2957,48,59.96,4,1286
10163,S18_3136,40,101.58,3,1323
10163,S18_3320,43,80.36,6,1337
10163,S24_4258,42,96.42,5,1370
10164,S10_4962,21,143.31,2,1401
10164,S12_1666,49,121.64,6,1501
10164,S18_1097,36,103.84,8,1504
10164,S18_4600,45,107.76,3,1611
10164,S18_4668,25,46.29,7,1612
10164,S32_1268,24,91.49,1,1619
10164,S32_3522,49,57.53,5,1621
10164,S700_2824,39,86.99,4,1625
10165,S12_1108,44,168.32,3,1702
10165,S12_3148,34,123.89,4,1002
10165,S12_3891,27,152.26,2,1056
10165,S12_4473,48,109.02,12,1076
10165,S18_2238,29,134.26,11,1088
10165,S18_2319,46,120.28,15,1102
10165,S18_2432,31,60.77,18,1143
10165,S18_3232,47,154.1,16,1165
10165,S18_3259,50,84.71,1,1166
10165,S18_4027,28,123.51,6,1188
10165,S24_1444,25,46.82,9,1216
10165,S24_2300,32,117.57,17,1286
10165,S24_2840,27,31.12,13,1323
10165,S24_4048,24,106.45,8,1337
10165,S32_2509,48,50.86,14,1370
10165,S32_3207,44,55.3,7,1401
10165,S50_1392,48,106.49,10,1501
10165,S50_1514,38,49.21,5,1504
10166,S18_3140,43,136.59,2,1611
10166,S18_4522,26,72.85,1,1612
10166,S700_1938,29,76.22,3,1619
10167,S10_4757,44,123.76,9,1621
10167,S18_1662,43,141.92,1,1625
10167,S18_3029,46,69.68,7,1702
10167,S18_3856,34,84.7,6,1002
10167,S24_2011,33,110.6,16,1056
10167,S24_2841,21,54.81,2,1076
10167,S24_3151,20,77,11,1088
10167,S24_3420,32,64.44,3,1102
10167,S24_3816,29,73.8,8,1143
10167,S700_1138,43,66,12,1165
10167,S700_2047,29,87.8,5,1166
10167,S700_2610,46,62.16,10,1188
10167,S700_3505,24,85.14,13,1216
10167,S700_3962,28,83.42,14,1286
10167,S72_1253,40,42.71,4,1323
10167,S72_3212,38,43.68,15,1337
10168,S10_1678,36,94.74,1,1370
10168,S10_2016,27,97.53,4,1401
10168,S10_4698,20,160.74,3,1501
10168,S18_2581,21,75.19,9,1504
10168,S18_2625,46,49.06,5,1611
10168,S24_1578,50,103.68,2,1612
10168,S24_1785,49,93.01,11,1619
10168,S24_2000,29,72.36,6,1621
10168,S24_3949,27,57.32,18,1625
10168,S24_4278,48,68.1,10,1702
10168,S32_1374,28,89.9,7,1002
10168,S32_4289,31,57.78,12,1056
10168,S50_1341,48,39.71,13,1076
10168,S700_1691,28,91.34,14,1088
10168,S700_2466,31,87.75,16,1102
10168,S700_2834,36,94.92,8,1143
10168,S700_3167,48,72,15,1165
10168,S700_4002,39,67.37,17,1166
10169,S12_1099,30,163.44,2,1188
10169,S12_2823,35,126.52,13,1216
10169,S12_3990,36,71.82,3,1286
10169,S18_3278,32,65.13,5,1323
10169,S18_3482,36,136.7,4,1337
10169,S18_3782,38,52.84,8,1370
10169,S18_4721,33,120.53,7,1401
10169,S24_2360,38,66.49,11,1501
10169,S24_3371,34,53.27,1,1504
10169,S24_4620,24,77.61,6,1611
10169,S32_2206,26,37.01,9,1612
10169,S32_4485,34,83.68,12,1619
10169,S50_4713,48,75.66,10,1621
10170,S12_3380,47,116.27,4,1625
10170,S12_4675,41,93.28,3,1702
10170,S18_1889,20,70.07,2,1002
10170,S24_3856,34,130.6,1,1056
10171,S18_1129,35,134.46,2,1076
10171,S18_1984,35,128.03,1,1088
10171,S18_3232,39,165.95,3,1102
10171,S24_2972,36,34.74,4,1143
10172,S18_1589,42,109.51,6,1165
10172,S18_2870,39,117.48,7,1166
10172,S18_3685,48,139.87,8,1188
10172,S24_1046,32,61,3,1216
10172,S24_1628,34,43.27,5,1286
10172,S24_2766,22,79.97,1,1323
10172,S24_3191,24,77.91,2,1337
10172,S24_3432,22,87.81,4,1370
10173,S18_1342,43,101.71,6,1401
10173,S18_1367,48,51.75,5,1501
10173,S18_1749,24,168.3,13,1504
10173,S18_2248,26,55.09,12,1611
10173,S18_2325,31,127.13,10,1612
10173,S18_2795,22,140.06,7,1619
10173,S18_2957,28,56.84,2,1621
10173,S18_3136,31,86.92,1,1625
10173,S18_3320,29,90.28,4,1702
10173,S18_4409,21,77.31,14,1002
10173,S18_4933,39,58.44,15,1056
10173,S24_1937,31,29.87,9,1076
10173,S24_2022,27,39.42,8,1088
10173,S24_2887,23,98.65,16,1102
10173,S24_3969,35,35.7,11,1143
10173,S24_4258,22,93.49,3,1165
10174,S10_1949,34,207.87,4,1166
10174,S12_1666,43,113.44,1,1188
10174,S18_1097,48,108.5,3,1216
10174,S18_2949,46,100.3,5,1286
10174,S18_4668,49,44.27,2,1323
10175,S10_4962,33,119.67,9,1337
10175,S12_4473,26,109.02,1,1370
10175,S18_2319,48,101.87,4,1401
10175,S18_2432,41,59.55,7,1501
10175,S18_3232,29,150.71,5,1504
10175,S18_4600,47,102.92,10,1611
10175,S24_2300,28,121.4,6,1612
10175,S24_2840,37,32.18,2,1619
10175,S32_1268,22,89.57,8,1621
10175,S32_2509,50,50.86,3,1625
10175,S32_3522,29,56.24,12,1702
10175,S700_2824,42,80.92,11,1002
10176,S12_1108,33,166.24,2,1056
10176,S12_3148,47,145.04,3,1076
10176,S12_3891,50,160.91,1,1088
10176,S18_2238,20,139.17,10,1102
10176,S18_4027,36,140.75,5,1143
10176,S24_1444,27,55.49,8,1165
10176,S24_4048,29,101.72,7,1166
10176,S32_3207,22,62.14,6,1188
10176,S50_1392,23,109.96,9,1216
10176,S50_1514,38,52.14,4,1286
10177,S18_3140,23,113.37,9,1323
10177,S18_3259,29,92.77,11,1337
10177,S18_4522,35,82.5,8,1370
10177,S24_2011,50,115.52,7,1401
10177,S24_3151,45,79.66,2,1501
10177,S700_1138,24,58.67,3,1504
10177,S700_1938,31,77.95,10,1611
10177,S700_2610,32,64.33,1,1612
10177,S700_3505,44,88.15,4,1619
10177,S700_3962,24,83.42,5,1621
10177,S72_3212,40,52.96,6,1625
10178,S10_4757,24,131.92,12,1702
10178,S18_1662,42,127.73,4,1002
10178,S18_3029,41,70.54,10,1056
10178,S18_3856,48,104.81,9,1076
10178,S24_2841,34,67.82,5,1088
10178,S24_3420,27,65.75,6,1102
10178,S24_3816,21,68.77,11,1143
10178,S24_3949,30,64.15,3,1165
10178,S700_2047,34,86.9,8,1166
10178,S700_2466,22,91.74,1,1188
10178,S700_4002,45,68.11,2,1216
10178,S72_1253,45,41.71,7,1286
10179,S18_2581,24,82.79,3,1323
10179,S24_1785,47,105.04,5,1337
10179,S24_4278,27,66.65,4,1370
10179,S32_1374,45,86.9,1,1401
10179,S32_4289,24,63.97,6,1501
10179,S50_1341,34,43.2,7,1504
10179,S700_1691,23,75.81,8,1611
10179,S700_2834,25,98.48,2,1612
10179,S700_3167,39,80,9,1619
10180,S10_1678,29,76.56,9,1621
10180,S10_2016,42,99.91,12,1625
10180,S10_4698,41,164.61,11,1702
10180,S12_2823,40,131.04,8,1002
10180,S18_2625,25,48.46,13,1056
10180,S18_3782,21,59.06,3,1076
10180,S18_4721,44,147.31,2,1088
10180,S24_1578,48,98.05,10,1102
10180,S24_2000,28,61.7,14,1143
10180,S24_2360,35,60.95,6,1165
10180,S24_4620,28,68.71,1,1166
10180,S32_2206,34,33.39,4,1188
10180,S32_4485,22,102.05,7,1216
10180,S50_4713,21,74.85,5,1286
10181,S12_1099,27,155.66,14,1323
10181,S12_3380,28,113.92,12,1337
10181,S12_3990,20,67.03,15,1370
10181,S12_4675,36,107.1,11,1401
10181,S18_1129,44,124.56,6,1501
10181,S18_1589,42,124.44,2,1504
10181,S18_1889,22,74.69,10,1611
10181,S18_1984,21,129.45,5,1612
10181,S18_2870,27,130.68,3,1619
10181,S18_3232,45,147.33,7,1621
10181,S18_3278,30,73.17,17,1625
10181,S18_3482,22,120.53,16,1702
10181,S18_3685,39,137.04,4,1002
10181,S24_1628,34,45.28,1,1056
10181,S24_2972,37,32.85,8,1076
10181,S24_3371,23,54.49,13,1088
10181,S24_3856,25,122.17,9,1102
10182,S18_1342,25,83.22,3,1143
10182,S18_1367,32,44.21,2,1165
10182,S18_1749,44,159.8,10,1166
10182,S18_2248,38,54.49,9,1188
10182,S18_2325,20,105.52,7,1216
10182,S18_2795,21,135,4,1286
10182,S18_3320,33,86.31,1,1323
10182,S18_4409,36,88.35,11,1337
10182,S18_4933,44,61.29,12,1370
10182,S24_1046,47,63.2,16,1401
10182,S24_1937,39,31.86,6,1501
10182,S24_2022,31,39.87,5,1504
10182,S24_2766,36,87.24,14,1611
10182,S24_2887,20,116.27,13,1612
10182,S24_3191,33,73.62,15,1619
10182,S24_3432,49,95.3,17,1621
10182,S24_3969,23,34.88,8,1625
10183,S10_1949,23,180.01,8,1702
10183,S10_4962,28,127.06,1,1002
10183,S12_1666,41,114.8,5,1056
10183,S18_1097,21,108.5,7,1076
10183,S18_2949,37,91.18,9,1088
10183,S18_2957,39,51.22,11,1102
10183,S18_3136,22,90.06,10,1143
10183,S18_4600,21,118.66,2,1165
10183,S18_4668,40,42.26,6,1166
10183,S24_4258,47,81.81,12,1188
10183,S32_3522,49,52.36,4,1216
10183,S700_2824,23,85.98,3,1286
10184,S12_4473,37,105.47,6,1323
10184,S18_2238,46,145.72,5,1337
10184,S18_2319,46,119.05,9,1370
10184,S18_2432,44,60.77,12,1401
10184,S18_3232,28,165.95,10,1501
10184,S24_1444,31,57.22,3,1504
10184,S24_2300,24,117.57,11,1611
10184,S24_2840,42,30.06,7,1612
10184,S24_4048,49,114.73,2,1619
10184,S32_1268,46,84.75,13,1621
10184,S32_2509,33,52.49,8,1625
10184,S32_3207,48,59.03,1,1702
10184,S50_1392,45,92.6,4,1002
10185,S12_1108,21,195.33,13,1056
10185,S12_3148,33,146.55,14,1076
10185,S12_3891,43,147.07,12,1088
10185,S18_3140,28,124.3,9,1102
10185,S18_3259,49,94.79,11,1143
10185,S18_4027,39,127.82,16,1165
10185,S18_4522,47,87.77,8,1166
10185,S24_2011,30,105.69,7,1188
10185,S24_3151,33,83.2,2,1216
10185,S50_1514,20,46.86,15,1286
10185,S700_1138,21,64.67,3,1323
10185,S700_1938,30,79.68,10,1337
10185,S700_2610,39,61.44,1,1370
10185,S700_3505,37,99.17,4,1401
10185,S700_3962,22,93.35,5,1501
10185,S72_3212,28,47.5,6,1504
10186,S10_4757,26,108.8,9,1611
10186,S18_1662,32,137.19,1,1612
10186,S18_3029,32,73.12,7,1619
10186,S18_3856,46,98.46,6,1621
10186,S24_2841,22,60.29,2,1625
10186,S24_3420,21,59.83,3,1702
10186,S24_3816,36,68.77,8,1002
10186,S700_2047,24,80.56,5,1056
10186,S72_1253,28,42.71,4,1076
10187,S18_2581,45,70.12,1,1088
10187,S24_1785,46,96.29,3,1102
10187,S24_3949,43,55.96,10,1143
10187,S24_4278,33,64.48,2,1165
10187,S32_4289,31,61.22,4,1166
10187,S50_1341,41,39.71,5,1188
10187,S700_1691,34,84.95,6,1216
10187,S700_2466,44,95.73,8,1286
10187,S700_3167,34,72,7,1323
10187,S700_4002,44,70.33,9,1337
10188,S10_1678,48,95.7,1,1370
10188,S10_2016,38,111.8,4,1401
10188,S10_4698,45,182.04,3,1501
10188,S18_2625,32,52.09,5,1504
10188,S24_1578,25,95.8,2,1611
10188,S24_2000,40,61.7,6,1612
10188,S32_1374,44,81.91,7,1619
10188,S700_2834,29,96.11,8,1621
10189,S12_2823,28,138.57,1,1625
10190,S24_2360,42,58.87,3,1702
10190,S32_2206,46,38.62,1,1002
10190,S32_4485,42,89.8,4,1056
10190,S50_4713,40,67.53,2,1076
10191,S12_1099,21,155.66,3,1088
10191,S12_3380,40,104.52,1,1102
10191,S12_3990,30,70.22,4,1143
10191,S18_3278,36,75.59,6,1165
10191,S18_3482,23,119.06,5,1166
10191,S18_3782,43,60.93,9,1188
10191,S18_4721,32,136.9,8,1216
10191,S24_3371,48,53.27,2,1286
10191,S24_4620,44,77.61,7,1323
10192,S12_4675,27,99.04,16,1337
10192,S18_1129,22,140.12,11,1370
10192,S18_1589,29,100.8,7,1401
10192,S18_1889,45,70.84,15,1501
10192,S18_1984,47,128.03,10,1504
10192,S18_2870,38,110.88,8,1611
10192,S18_3232,26,137.17,12,1612
10192,S18_3685,45,125.74,9,1619
10192,S24_1046,37,72.02,4,1621
10192,S24_1628,47,49.3,6,1625
10192,S24_2766,46,86.33,2,1702
10192,S24_2887,23,112.74,1,1002
10192,S24_2972,30,33.23,13,1056
10192,S24_3191,32,69.34,3,1076
10192,S24_3432,46,93.16,5,1088
10192,S24_3856,45,112.34,14,1102
10193,S18_1342,28,92.47,7,1143
10193,S18_1367,46,46.36,6,1165
10193,S18_1749,21,153,14,1166
10193,S18_2248,42,60.54,13,1188
10193,S18_2325,44,115.69,11,1216
10193,S18_2795,22,143.44,8,1286
10193,S18_2949,28,87.13,1,1323
10193,S18_2957,24,53.09,3,1337
10193,S18_3136,23,97.39,2,1370
10193,S18_3320,32,79.37,5,1401
10193,S18_4409,24,92.03,15,1501
10193,S18_4933,25,66.28,16,1504
10193,S24_1937,26,32.19,10,1611
10193,S24_2022,20,44.8,9,1612
10193,S24_3969,22,38.16,12,1619
10193,S24_4258,20,92.52,4,1621
10194,S10_1949,42,203.59,11,1625
10194,S10_4962,26,134.44,4,1702
10194,S12_1666,38,124.37,8,1002
10194,S18_1097,21,103.84,10,1056
10194,S18_2432,45,51.05,2,1076
10194,S18_4600,32,113.82,5,1088
10194,S18_4668,41,47.79,9,1102
10194,S24_2300,49,112.46,1,1143
10194,S32_1268,37,77.05,3,1165
10194,S32_3522,39,61.41,7,1166
10194,S700_2824,26,80.92,6,1188
10195,S12_4473,49,118.5,6,1216
10195,S18_2238,27,139.17,5,1286
10195,S18_2319,35,112.91,9,1323
10195,S18_3232,50,150.71,10,1337
10195,S24_1444,44,54.33,3,1370
10195,S24_2840,32,31.82,7,1401
10195,S24_4048,34,95.81,2,1501
10195,S32_2509,32,51.95,8,1504
10195,S32_3207,33,59.03,1,1611
10195,S50_1392,49,97.23,4,1612
10196,S12_1108,47,203.64,5,1619
10196,S12_3148,24,151.08,6,1621
10196,S12_3891,38,147.07,4,1625
10196,S18_3140,49,127.03,1,1702
10196,S18_3259,35,81.68,3,1002
10196,S18_4027,27,126.39,8,1056
10196,S50_1514,46,56.82,7,1076
10196,S700_1938,50,84.88,2,1088
10197,S10_4757,45,118.32,6,1102
10197,S18_3029,46,83.44,4,1143
10197,S18_3856,22,85.75,3,1165
10197,S18_4522,50,78.99,14,1166
10197,S24_2011,41,109.37,13,1188
10197,S24_3151,47,83.2,8,1216
10197,S24_3816,22,67.93,5,1286
10197,S700_1138,23,60,9,1323
10197,S700_2047,24,78.75,2,1337
10197,S700_2610,50,66.5,7,1370
10197,S700_3505,27,100.17,10,1401
10197,S700_3962,35,88.39,11,1501
10197,S72_1253,29,39.73,1,1504
10197,S72_3212,42,48.59,12,1611
10198,S18_1662,42,149.81,4,1612
10198,S24_2841,48,60.97,5,1619
10198,S24_3420,27,61.81,6,1621
10198,S24_3949,43,65.51,3,1625
10198,S700_2466,42,94.73,1,1702
10198,S700_4002,40,74.03,2,1002
10199,S50_1341,29,37.97,1,1056
10199,S700_1691,48,81.29,2,1076
10199,S700_3167,38,70.4,3,1088
10200,S18_2581,28,74.34,3,1102
10200,S24_1785,33,99.57,5,1143
10200,S24_4278,39,70.28,4,1165
10200,S32_1374,35,80.91,1,1166
10200,S32_4289,27,65.35,6,1188
10200,S700_2834,39,115.09,2,1216
10201,S10_1678,22,82.3,2,1286
10201,S10_2016,24,116.56,5,1323
10201,S10_4698,49,191.72,4,1337
10201,S12_2823,25,126.52,1,1370
10201,S18_2625,30,48.46,6,1401
10201,S24_1578,39,93.54,3,1501
10201,S24_2000,25,66.27,7,1504
10202,S18_3782,30,55.33,3,1611
10202,S18_4721,43,124.99,2,1612
10202,S24_2360,50,56.1,6,1619
10202,S24_4620,50,75.18,1,1621
10202,S32_2206,27,33.39,4,1625
10202,S32_4485,31,81.64,7,1702
10202,S50_4713,40,79.73,5,1002
10203,S12_1099,20,161.49,8,1056
10203,S12_3380,20,111.57,6,1076
10203,S12_3990,44,63.84,9,1088
10203,S12_4675,47,115.16,5,1102
10203,S18_1889,45,73.15,4,1143
10203,S18_3232,48,157.49,1,1165
10203,S18_3278,33,66.74,11,1166
10203,S18_3482,32,127.88,10,1188
10203,S24_2972,21,33.23,2,1216
10203,S24_3371,34,56.94,7,1286
10203,S24_3856,47,140.43,3,1323
10204,S18_1129,42,114.65,17,1337
10204,S18_1589,40,113.24,13,1370
10204,S18_1749,33,153,4,1401
10204,S18_1984,38,133.72,16,1501
10204,S18_2248,23,59.33,3,1504
10204,S18_2325,26,119.5,1,1611
10204,S18_2870,27,106.92,14,1612
10204,S18_3685,35,132.8,15,1619
10204,S18_4409,29,83.75,5,1621
10204,S18_4933,45,69.84,6,1625
10204,S24_1046,20,69.82,10,1702
10204,S24_1628,45,46.79,12,1002
10204,S24_2766,47,79.06,8,1056
10204,S24_2887,42,112.74,7,1076
10204,S24_3191,40,84.75,9,1088
10204,S24_3432,48,104.94,11,1102
10204,S24_3969,39,34.88,2,1143
10205,S18_1342,36,98.63,2,1165
10205,S18_1367,48,45.82,1,1166
10205,S18_2795,40,138.38,3,1188
10205,S24_1937,32,27.88,5,1216
10205,S24_2022,24,36.74,4,1286
10206,S10_1949,47,203.59,6,1323
10206,S12_1666,28,109.34,3,1337
10206,S18_1097,34,115.5,5,1370
10206,S18_2949,37,98.27,7,1401
10206,S18_2957,28,51.84,9,1501
10206,S18_3136,30,102.63,8,1504
10206,S18_3320,28,99.21,11,1611
10206,S18_4668,21,45.78,4,1612
10206,S24_4258,33,95.44,10,1619
10206,S32_3522,36,54.94,2,1621
10206,S700_2824,33,89.01,1,1625
10207,S10_4962,31,125.58,15,1702
10207,S12_4473,34,95.99,7,1002
10207,S18_2238,44,140.81,6,1056
10207,S18_2319,43,109.23,10,1076
10207,S18_2432,37,60.77,13,1088
10207,S18_3232,25,140.55,11,1102
10207,S18_4027,40,143.62,1,1143
10207,S18_4600,47,119.87,16,1165
10207,S24_1444,49,57.8,4,1166
10207,S24_2300,46,127.79,12,1188
10207,S24_2840,42,30.76,8,1216
10207,S24_4048,28,108.82,3,1286
10207,S32_1268,49,84.75,14,1323
10207,S32_2509,27,51.95,9,1337
10207,S32_3207,45,55.3,2,1370
10207,S50_1392,28,106.49,5,1401
10208,S12_1108,46,176.63,13,1501
10208,S12_3148,26,128.42,14,1504
10208,S12_3891,20,152.26,12,1611
10208,S18_3140,24,117.47,9,1612
10208,S18_3259,48,96.81,11,1619
10208,S18_4522,45,72.85,8,1621
10208,S24_2011,35,122.89,7,1625
10208,S24_3151,20,80.54,2,1702
10208,S50_1514,30,57.99,15,1002
10208,S700_1138,38,56.67,3,1056
10208,S700_1938,40,73.62,10,1076
10208,S700_2610,46,63.61,1,1088
10208,S700_3505,37,95.16,4,1102
10208,S700_3962,33,95.34,5,1143
10208,S72_3212,42,48.05,6,1165
10209,S10_4757,39,129.2,8,1166
10209,S18_3029,28,82.58,6,1188
10209,S18_3856,20,97.4,5,1216
10209,S24_2841,43,66.45,1,1286
10209,S24_3420,36,56.55,2,1323
10209,S24_3816,22,79.67,7,1337
10209,S700_2047,33,90.52,4,1370
10209,S72_1253,48,44.2,3,1401
10210,S10_2016,23,112.99,2,1501
10210,S10_4698,34,189.79,1,1504
10210,S18_1662,31,141.92,17,1611
10210,S18_2581,50,68.43,7,1612
10210,S18_2625,40,51.48,3,1619
10210,S24_1785,27,100.67,9,1621
10210,S24_2000,30,63.22,4,1625
10210,S24_3949,29,56.64,16,1702
10210,S24_4278,40,68.1,8,1002
10210,S32_1374,46,84.91,5,1056
10210,S32_4289,39,57.1,10,1076
10210,S50_1341,43,43.2,11,1088
10210,S700_1691,21,87.69,12,1102
10210,S700_2466,26,93.74,14,1143
10210,S700_2834,25,98.48,6,1165
10210,S700_3167,31,64,13,1166
10210,S700_4002,42,60.7,15,1188
10211,S10_1678,41,90.92,14,1216
10211,S12_1099,41,171.22,2,1286
10211,S12_2823,36,126.52,13,1323
10211,S12_3990,28,79.8,3,1337
10211,S18_3278,35,73.17,5,1370
10211,S18_3482,28,138.17,4,1401
10211,S18_3782,46,60.3,8,1501
10211,S18_4721,41,148.8,7,1504
10211,S24_1578,25,109.32,15,1611
10211,S24_2360,21,62.33,11,1612
10211,S24_3371,48,52.66,1,1619
10211,S24_4620,22,80.84,6,1621
10211,S32_2206,41,39.83,9,1625
10211,S32_4485,37,94.91,12,1702
10211,S50_4713,40,70.78,10,1002
10212,S12_3380,39,99.82,16,1056
10212,S12_4675,33,110.55,15,1076
10212,S18_1129,29,117.48,10,1088
10212,S18_1589,38,105.77,6,1102
10212,S18_1889,20,64.68,14,1143
10212,S18_1984,41,133.72,9,1165
10212,S18_2870,40,117.48,7,1166
10212,S18_3232,40,155.79,11,1188
10212,S18_3685,45,115.85,8,1216
10212,S24_1046,41,61.73,3,1286
10212,S24_1628,45,43.27,5,1323
10212,S24_2766,45,81.78,1,1337
10212,S24_2972,34,37.38,12,1370
10212,S24_3191,27,77.91,2,1401
10212,S24_3432,46,100.66,4,1501
10212,S24_3856,49,117.96,13,1504
10213,S18_4409,38,84.67,1,1611
10213,S18_4933,25,58.44,2,1612
10213,S24_2887,27,97.48,3,1619
10214,S18_1749,30,166.6,7,1621
10214,S18_2248,21,53.28,6,1625
10214,S18_2325,27,125.86,4,1702
10214,S18_2795,50,167.06,1,1002
10214,S24_1937,20,32.19,3,1056
10214,S24_2022,49,39.87,2,1076
10214,S24_3969,44,38.57,5,1088
10215,S10_1949,35,205.73,3,1102
10215,S18_1097,46,100.34,2,1143
10215,S18_1342,27,92.47,10,1165
10215,S18_1367,33,53.91,9,1166
10215,S18_2949,49,97.26,4,1188
10215,S18_2957,31,56.21,6,1216
10215,S18_3136,49,89.01,5,1286
10215,S18_3320,41,84.33,8,1323
10215,S18_4668,46,42.76,1,1337
10215,S24_4258,39,94.47,7,1370
10216,S12_1666,43,133.94,1,1401
10217,S10_4962,48,132.97,4,1501
10217,S18_2432,35,58.34,2,1504
10217,S18_4600,38,118.66,5,1611
10217,S24_2300,28,103.51,1,1612
10217,S32_1268,21,78.97,3,1619
10217,S32_3522,39,56.24,7,1621
10217,S700_2824,31,90.02,6,1625
10218,S18_2319,22,110.46,1,1702
10218,S18_3232,34,152.41,2,1002
10219,S12_4473,48,94.8,2,1056
10219,S18_2238,43,132.62,1,1076
10219,S24_2840,21,31.12,3,1088
10219,S32_2509,35,47.62,4,1102
10220,S12_1108,32,189.1,2,1143
10220,S12_3148,30,151.08,3,1165
10220,S12_3891,27,166.1,1,1166
10220,S18_4027,50,126.39,5,1188
10220,S24_1444,26,48.55,8,1216
10220,S24_4048,37,101.72,7,1286
10220,S32_3207,20,49.71,6,1323
10220,S50_1392,37,92.6,9,1337
10220,S50_1514,30,56.82,4,1370
10221,S18_3140,33,133.86,3,1401
10221,S18_3259,23,89.75,5,1501
10221,S18_4522,39,84.26,2,1504
10221,S24_2011,49,113.06,1,1611
10221,S700_1938,23,69.29,4,1612
10222,S10_4757,49,133.28,12,1619
10222,S18_1662,49,137.19,4,1621
10222,S18_3029,49,79.14,10,1625
10222,S18_3856,45,88.93,9,1702
10222,S24_2841,32,56.86,5,1002
10222,S24_3151,47,74.35,14,1056
10222,S24_3420,43,61.15,6,1076
10222,S24_3816,46,77.99,11,1088
10222,S24_3949,48,55.27,3,1102
10222,S700_1138,31,58.67,15,1143
10222,S700_2047,26,80.56,8,1165
10222,S700_2466,37,90.75,1,1166
10222,S700_2610,36,69.39,13,1188
10222,S700_3505,38,84.14,16,1216
10222,S700_3962,31,81.43,17,1286
10222,S700_4002,43,66.63,2,1323
10222,S72_1253,31,45.19,7,1337
10222,S72_3212,36,48.59,18,1370
10223,S10_1678,37,80.39,1,1401
10223,S10_2016,47,110.61,4,1501
10223,S10_4698,49,189.79,3,1504
10223,S18_2581,47,67.58,9,1611
10223,S18_2625,28,58.75,5,1612
10223,S24_1578,32,104.81,2,1619
10223,S24_1785,34,87.54,11,1621
10223,S24_2000,38,60.94,6,1625
10223,S24_4278,23,68.1,10,1702
10223,S32_1374,21,90.9,7,1002
10223,S32_4289,20,66.73,12,1056
10223,S50_1341,41,41.02,13,1076
10223,S700_1691,25,84.03,14,1088
10223,S700_2834,29,113.9,8,1102
10223,S700_3167,26,79.2,15,1143
10224,S12_2823,43,141.58,6,1165
10224,S18_3782,38,57.2,1,1166
10224,S24_2360,37,60.26,4,1188
10224,S32_2206,43,37.01,2,1216
10224,S32_4485,30,94.91,5,1286
10224,S50_4713,50,81.36,3,1323
10225,S12_1099,27,157.6,9,1337
10225,S12_3380,25,101,7,1370
10225,S12_3990,37,64.64,10,1401
10225,S12_4675,21,100.19,6,1501
10225,S18_1129,32,116.06,1,1504
10225,S18_1889,47,71.61,5,1611
10225,S18_3232,43,162.57,2,1612
10225,S18_3278,37,69.96,12,1619
10225,S18_3482,27,119.06,11,1621
10225,S18_4721,35,135.41,14,1625
10225,S24_2972,42,34.74,3,1702
10225,S24_3371,24,51.43,8,1002
10225,S24_3856,40,130.6,4,1056
10225,S24_4620,46,77.61,13,1076
10226,S18_1589,38,108.26,4,1088
10226,S18_1984,24,129.45,7,1102
10226,S18_2870,24,125.4,5,1143
10226,S18_3685,46,122.91,6,1165
10226,S24_1046,21,65.41,1,1166
10226,S24_1628,36,47.79,3,1188
10226,S24_3432,48,95.3,2,1216
10227,S18_1342,25,85.27,3,1286
10227,S18_1367,31,50.14,2,1323
10227,S18_1749,26,136,10,1337
10227,S18_2248,28,59.93,9,1370
10227,S18_2325,46,118.23,7,1401
10227,S18_2795,29,146.81,4,1501
10227,S18_3320,33,99.21,1,1504
10227,S18_4409,34,87.43,11,1611
10227,S18_4933,37,70.56,12,1612
10227,S24_1937,42,27.22,6,1619
10227,S24_2022,24,39.42,5,1621
10227,S24_2766,47,84.51,14,1625
10227,S24_2887,33,102.17,13,1702
10227,S24_3191,40,78.76,15,1002
10227,S24_3969,27,34.88,8,1056
10228,S10_1949,29,214.3,2,1076
10228,S18_1097,32,100.34,1,1088
10228,S18_2949,24,101.31,3,1102
10228,S18_2957,45,57.46,5,1143
10228,S18_3136,31,100.53,4,1165
10228,S24_4258,33,84.73,6,1166
10229,S10_4962,50,138.88,9,1188
10229,S12_1666,25,110.7,13,1216
10229,S12_4473,36,95.99,1,1286
10229,S18_2319,26,104.32,4,1323
10229,S18_2432,28,53.48,7,1337
10229,S18_3232,22,157.49,5,1370
10229,S18_4600,41,119.87,10,1401
10229,S18_4668,39,43.77,14,1501
10229,S24_2300,48,115.01,6,1504
10229,S24_2840,33,34.65,2,1611
10229,S32_1268,25,78.97,8,1612
10229,S32_2509,23,49.78,3,1619
10229,S32_3522,30,52.36,12,1621
10229,S700_2824,50,91.04,11,1625
10230,S12_3148,43,128.42,1,1702
10230,S18_2238,49,153.91,8,1002
10230,S18_4027,42,142.18,3,1056
10230,S24_1444,36,47.4,6,1076
10230,S24_4048,45,99.36,5,1088
10230,S32_3207,46,59.03,4,1102
10230,S50_1392,34,100.7,7,1143
10230,S50_1514,43,57.41,2,1165
10231,S12_1108,42,193.25,2,1166
10231,S12_3891,49,147.07,1,1188
10232,S18_3140,22,133.86,6,1216
10232,S18_3259,48,97.81,8,1286
10232,S18_4522,23,78.12,5,1323
10232,S24_2011,46,113.06,4,1337
10232,S700_1938,26,84.88,7,1370
10232,S700_3505,48,86.15,1,1401
10232,S700_3962,35,81.43,2,1501
10232,S72_3212,24,48.59,3,1504
10233,S24_3151,40,70.81,2,1611
10233,S700_1138,36,66,3,1612
10233,S700_2610,29,67.94,1,1619
10234,S10_4757,48,118.32,9,1621
10234,S18_1662,50,146.65,1,1625
10234,S18_3029,48,84.3,7,1702
10234,S18_3856,39,85.75,6,1002
10234,S24_2841,44,67.14,2,1056
10234,S24_3420,25,65.09,3,1076
10234,S24_3816,31,78.83,8,1088
10234,S700_2047,29,83.28,5,1102
10234,S72_1253,40,45.69,4,1143
10235,S18_2581,24,81.95,3,1165
10235,S24_1785,23,89.72,5,1166
10235,S24_3949,33,55.27,12,1188
10235,S24_4278,40,63.03,4,1216
10235,S32_1374,41,90.9,1,1286
10235,S32_4289,34,66.73,6,1323
10235,S50_1341,41,37.09,7,1337
10235,S700_1691,25,88.6,8,1370
10235,S700_2466,38,92.74,10,1401
10235,S700_2834,25,116.28,2,1501
10235,S700_3167,32,73.6,9,1504
10235,S700_4002,34,70.33,11,1611
10236,S10_2016,22,105.86,1,1612
10236,S18_2625,23,52.7,2,1619
10236,S24_2000,36,65.51,3,1621
10237,S10_1678,23,91.87,7,1625
10237,S10_4698,39,158.8,9,1702
10237,S12_2823,32,129.53,6,1002
10237,S18_3782,26,49.74,1,1056
10237,S24_1578,20,109.32,8,1076
10237,S24_2360,26,62.33,4,1088
10237,S32_2206,26,35,2,1102
10237,S32_4485,27,94.91,5,1143
10237,S50_4713,20,78.92,3,1165
10238,S12_1099,28,161.49,3,1166
10238,S12_3380,29,104.52,1,1188
10238,S12_3990,20,73.42,4,1216
10238,S18_3278,41,68.35,6,1286
10238,S18_3482,49,144.05,5,1323
10238,S18_4721,44,120.53,8,1337
10238,S24_3371,47,53.88,2,1370
10238,S24_4620,22,67.91,7,1401
10239,S12_4675,21,100.19,5,1501
10239,S18_1889,46,70.07,4,1504
10239,S18_3232,47,135.47,1,1611
10239,S24_2972,20,32.47,2,1612
10239,S24_3856,29,133.41,3,1619
10240,S18_1129,41,125.97,3,1621
10240,S18_1984,37,136.56,2,1625
10240,S18_3685,37,134.22,1,1702
10241,S18_1589,21,119.46,11,1002
10241,S18_1749,41,153,2,1056
10241,S18_2248,33,55.7,1,1076
10241,S18_2870,44,126.72,12,1088
10241,S18_4409,42,77.31,3,1102
10241,S18_4933,30,62.72,4,1143
10241,S24_1046,22,72.02,8,1165
10241,S24_1628,21,47.29,10,1166
10241,S24_2766,47,89.05,6,1188
10241,S24_2887,28,117.44,5,1216
10241,S24_3191,26,69.34,7,1286
10241,S24_3432,27,107.08,9,1323
10242,S24_3969,46,36.52,1,1337
10243,S18_2325,47,111.87,2,1370
10243,S24_1937,33,30.87,1,1401
10244,S18_1342,40,99.66,7,1501
10244,S18_1367,20,48.52,6,1504
10244,S18_2795,43,141.75,8,1611
10244,S18_2949,30,87.13,1,1612
10244,S18_2957,24,54.96,3,1619
10244,S18_3136,29,85.87,2,1621
10244,S18_3320,36,87.3,5,1625
10244,S24_2022,39,42.11,9,1702
10244,S24_4258,40,97.39,4,1002
10245,S10_1949,34,195.01,9,1056
10245,S10_4962,28,147.74,2,1076
10245,S12_1666,38,120.27,6,1088
10245,S18_1097,29,114.34,8,1102
10245,S18_4600,21,111.39,3,1143
10245,S18_4668,45,48.8,7,1165
10245,S32_1268,37,81.86,1,1166
10245,S32_3522,44,54.94,5,1188
10245,S700_2824,44,81.93,4,1216
10246,S12_4473,46,99.54,5,1286
10246,S18_2238,40,144.08,4,1323
10246,S18_2319,22,100.64,8,1337
10246,S18_2432,30,57.73,11,1370
10246,S18_3232,36,145.63,9,1401
10246,S24_1444,44,46.24,2,1501
10246,S24_2300,29,118.84,10,1504
10246,S24_2840,49,34.65,6,1611
10246,S24_4048,46,100.54,1,1612
10246,S32_2509,35,45.45,7,1619
10246,S50_1392,22,113.44,3,1621
10247,S12_1108,44,195.33,2,1625
10247,S12_3148,25,140.5,3,1702
10247,S12_3891,27,167.83,1,1002
10247,S18_4027,48,143.62,5,1056
10247,S32_3207,40,58.41,6,1076
10247,S50_1514,49,51.55,4,1088
10248,S10_4757,20,126.48,3,1102
10248,S18_3029,21,80.86,1,1143
10248,S18_3140,32,133.86,12,1165
10248,S18_3259,42,95.8,14,1166
10248,S18_4522,42,87.77,11,1188
10248,S24_2011,48,122.89,10,1216
10248,S24_3151,30,85.85,5,1286
10248,S24_3816,23,83.02,2,1323
10248,S700_1138,36,66,6,1337
10248,S700_1938,40,81.41,13,1370
10248,S700_2610,32,69.39,4,1401
10248,S700_3505,30,84.14,7,1501
10248,S700_3962,35,92.36,8,1504
10248,S72_3212,23,53.51,9,1611
10249,S18_3856,46,88.93,5,1612
10249,S24_2841,20,54.81,1,1619
10249,S24_3420,25,65.75,2,1621
10249,S700_2047,40,85.99,4,1625
10249,S72_1253,32,49.16,3,1702
10250,S18_1662,45,148.23,14,1002
10250,S18_2581,27,84.48,4,1056
10250,S24_1785,31,95.2,6,1076
10250,S24_2000,32,63.22,1,1088
10250,S24_3949,40,61.42,13,1102
10250,S24_4278,37,72.45,5,1143
10250,S32_1374,31,99.89,2,1165
10250,S32_4289,50,62.6,7,1166
10250,S50_1341,36,36.66,8,1188
10250,S700_1691,31,91.34,9,1216
10250,S700_2466,35,90.75,11,1286
10250,S700_2834,44,98.48,3,1323
10250,S700_3167,44,76,10,1337
10250,S700_4002,38,65.89,12,1370
10251,S10_1678,59,93.79,2,1401
10251,S10_2016,44,115.37,5,1501
10251,S10_4698,43,172.36,4,1504
10251,S12_2823,46,129.53,1,1611
10251,S18_2625,44,58.15,6,1612
10251,S24_1578,50,91.29,3,1619
10252,S18_3278,20,74.78,2,1621
10252,S18_3482,41,145.52,1,1625
10252,S18_3782,31,50.36,5,1702
10252,S18_4721,26,127.97,4,1002
10252,S24_2360,47,63.03,8,1056
10252,S24_4620,38,69.52,3,1076
10252,S32_2206,36,36.21,6,1088
10252,S32_4485,25,93.89,9,1102
10252,S50_4713,48,72.41,7,1143
10253,S12_1099,24,157.6,13,1165
10253,S12_3380,22,102.17,11,1166
10253,S12_3990,25,67.03,14,1188
10253,S12_4675,41,109.4,10,1216
10253,S18_1129,26,130.22,5,1286
10253,S18_1589,24,103.29,1,1323
10253,S18_1889,23,67.76,9,1337
10253,S18_1984,33,130.87,4,1370
10253,S18_2870,37,114.84,2,1401
10253,S18_3232,40,145.63,6,1501
10253,S18_3685,31,139.87,3,1504
10253,S24_2972,40,34.74,7,1611
10253,S24_3371,24,50.82,12,1612
10253,S24_3856,39,115.15,8,1619
10254,S18_1749,49,137.7,5,1621
10254,S18_2248,36,55.09,4,1625
10254,S18_2325,41,102.98,2,1702
10254,S18_4409,34,80.99,6,1002
10254,S18_4933,30,59.87,7,1056
10254,S24_1046,34,66.88,11,1076
10254,S24_1628,32,43.27,13,1088
10254,S24_1937,38,28.88,1,1102
10254,S24_2766,31,85.42,9,1143
10254,S24_2887,33,111.57,8,1165
10254,S24_3191,42,69.34,10,1166
10254,S24_3432,49,101.73,12,1188
10254,S24_3969,20,39.8,3,1216
10255,S18_2795,24,135,1,1286
10255,S24_2022,37,37.63,2,1323
10256,S18_1342,34,93.49,2,1337
10256,S18_1367,29,52.83,1,1370
10257,S18_2949,50,92.19,1,1401
10257,S18_2957,49,59.34,3,1501
10257,S18_3136,37,83.78,2,1504
10257,S18_3320,26,91.27,5,1611
10257,S24_4258,46,81.81,4,1612
10258,S10_1949,32,177.87,6,1619
10258,S12_1666,41,133.94,3,1621
10258,S18_1097,41,113.17,5,1625
10258,S18_4668,21,49.81,4,1702
10258,S32_3522,20,62.7,2,1002
10258,S700_2824,45,86.99,1,1056
10259,S10_4962,26,121.15,12,1076
10259,S12_4473,46,117.32,4,1088
10259,S18_2238,30,134.26,3,1102
10259,S18_2319,34,120.28,7,1143
10259,S18_2432,30,59.55,10,1165
10259,S18_3232,27,152.41,8,1166
10259,S18_4600,41,107.76,13,1188
10259,S24_1444,28,46.82,1,1216
10259,S24_2300,47,121.4,9,1286
10259,S24_2840,31,31.47,5,1323
10259,S32_1268,45,95.35,11,1337
10259,S32_2509,40,45.99,6,1370
10259,S50_1392,29,105.33,2,1401
10260,S12_1108,46,180.79,5,1501
10260,S12_3148,30,140.5,6,1504
10260,S12_3891,44,169.56,4,1611
10260,S18_3140,32,121.57,1,1612
10260,S18_3259,29,92.77,3,1619
10260,S18_4027,23,137.88,8,1621
10260,S24_4048,23,117.1,10,1625
10260,S32_3207,27,55.3,9,1702
10260,S50_1514,21,56.24,7,1002
10260,S700_1938,33,80.55,2,1056
10261,S10_4757,27,116.96,1,1076
10261,S18_4522,20,80.75,9,1088
10261,S24_2011,36,105.69,8,1102
10261,S24_3151,22,79.66,3,1143
10261,S700_1138,34,64,4,1165
10261,S700_2610,44,58.55,2,1166
10261,S700_3505,25,89.15,5,1188
10261,S700_3962,50,88.39,6,1216
10261,S72_3212,29,43.68,7,1286
10262,S18_1662,49,157.69,9,1323
10262,S18_3029,32,81.72,15,1337
10262,S18_3856,34,85.75,14,1370
10262,S24_1785,34,98.48,1,1401
10262,S24_2841,24,63.71,10,1501
10262,S24_3420,46,65.75,11,1504
10262,S24_3816,49,82.18,16,1611
10262,S24_3949,48,58.69,8,1612
10262,S32_4289,40,63.97,2,1619
10262,S50_1341,49,35.78,3,1621
10262,S700_1691,40,87.69,4,1625
10262,S700_2047,44,83.28,13,1702
10262,S700_2466,33,81.77,6,1002
10262,S700_3167,27,64.8,5,1056
10262,S700_4002,35,64.41,7,1076
10262,S72_1253,21,41.71,12,1088
10263,S10_1678,34,89,2,1102
10263,S10_2016,40,107.05,5,1143
10263,S10_4698,41,193.66,4,1165
10263,S12_2823,48,123.51,1,1166
10263,S18_2581,33,67.58,10,1188
10263,S18_2625,34,50.27,6,1216
10263,S24_1578,42,109.32,3,1286
10263,S24_2000,37,67.03,7,1323
10263,S24_4278,24,59.41,11,1337
10263,S32_1374,31,93.9,8,1370
10263,S700_2834,47,117.46,9,1401
10264,S18_3782,48,58.44,3,1501
10264,S18_4721,20,124.99,2,1504
10264,S24_2360,37,61.64,6,1611
10264,S24_4620,47,75.18,1,1612
10264,S32_2206,20,39.02,4,1619
10264,S32_4485,34,100.01,7,1621
10264,S50_4713,47,67.53,5,1625
10265,S18_3278,45,74.78,2,1702
10265,S18_3482,49,123.47,1,1002
10266,S12_1099,44,188.73,14,1056
10266,S12_3380,22,110.39,12,1076
10266,S12_3990,35,67.83,15,1088
10266,S12_4675,40,112.86,11,1102
10266,S18_1129,21,131.63,6,1143
10266,S18_1589,36,99.55,2,1165
10266,S18_1889,33,77,10,1166
10266,S18_1984,49,139.41,5,1188
10266,S18_2870,20,113.52,3,1216
10266,S18_3232,29,137.17,7,1286
10266,S18_3685,33,127.15,4,1323
10266,S24_1628,28,40.25,1,1337
10266,S24_2972,34,35.12,8,1370
10266,S24_3371,47,56.33,13,1401
10266,S24_3856,24,119.37,9,1501
10267,S18_4933,36,71.27,1,1504
10267,S24_1046,40,72.02,5,1611
10267,S24_2766,38,76.33,3,1612
10267,S24_2887,43,93.95,2,1619
10267,S24_3191,44,83.9,4,1621
10267,S24_3432,43,98.51,6,1625
10268,S18_1342,49,93.49,3,1702
10268,S18_1367,26,45.82,2,1002
10268,S18_1749,34,164.9,10,1056
10268,S18_2248,31,60.54,9,1076
10268,S18_2325,50,124.59,7,1088
10268,S18_2795,35,148.5,4,1102
10268,S18_3320,39,96.23,1,1143
10268,S18_4409,35,84.67,11,1165
10268,S24_1937,33,31.86,6,1166
10268,S24_2022,40,36.29,5,1188
10268,S24_3969,30,37.75,8,1216
10269,S18_2957,32,57.46,1,1286
10269,S24_4258,48,95.44,2,1323
10270,S10_1949,21,171.44,9,1337
10270,S10_4962,32,124.1,2,1370
10270,S12_1666,28,135.3,6,1401
10270,S18_1097,43,94.5,8,1501
10270,S18_2949,31,81.05,10,1504
10270,S18_3136,38,85.87,11,1611
10270,S18_4600,38,107.76,3,1612
10270,S18_4668,44,40.25,7,1619
10270,S32_1268,32,93.42,1,1621
10270,S32_3522,21,52.36,5,1625
10270,S700_2824,46,101.15,4,1702
10271,S12_4473,31,99.54,5,1002
10271,S18_2238,50,147.36,4,1056
10271,S18_2319,50,121.5,8,1076
10271,S18_2432,25,59.55,11,1088
10271,S18_3232,20,169.34,9,1102
10271,S24_1444,45,49.71,2,1143
10271,S24_2300,43,122.68,10,1165
10271,S24_2840,38,28.64,6,1166
10271,S24_4048,22,110,1,1188
10271,S32_2509,35,51.95,7,1216
10271,S50_1392,34,93.76,3,1286
10272,S12_1108,35,187.02,2,1323
10272,S12_3148,27,123.89,3,1337
10272,S12_3891,39,148.8,1,1370
10272,S18_4027,25,126.39,5,1401
10272,S32_3207,45,56.55,6,1501
10272,S50_1514,43,53.89,4,1504
10273,S10_4757,30,136,4,1611
10273,S18_3029,34,84.3,2,1612
10273,S18_3140,40,117.47,13,1619
10273,S18_3259,47,87.73,15,1621
10273,S18_3856,50,105.87,1,1625
10273,S18_4522,33,72.85,12,1702
10273,S24_2011,22,103.23,11,1002
10273,S24_3151,27,84.08,6,1056
10273,S24_3816,48,83.86,3,1076
10273,S700_1138,21,66,7,1088
10273,S700_1938,21,77.95,14,1102
10273,S700_2610,42,57.82,5,1143
10273,S700_3505,40,91.15,8,1165
10273,S700_3962,26,89.38,9,1166
10273,S72_3212,37,51.32,10,1188
10274,S18_1662,41,129.31,1,1216
10274,S24_2841,40,56.86,2,1286
10274,S24_3420,24,65.09,3,1323
10274,S700_2047,24,75.13,5,1337
10274,S72_1253,32,49.66,4,1370
10275,S10_1678,45,81.35,1,1401
10275,S10_2016,22,115.37,4,1501
10275,S10_4698,36,154.93,3,1504
10275,S18_2581,35,70.12,9,1611
10275,S18_2625,37,52.09,5,1612
10275,S24_1578,21,105.94,2,1619
10275,S24_1785,25,97.38,11,1621
10275,S24_2000,30,61.7,6,1625
10275,S24_3949,41,58,18,1702
10275,S24_4278,27,67.38,10,1002
10275,S32_1374,23,89.9,7,1056
10275,S32_4289,28,58.47,12,1076
10275,S50_1341,38,40.15,13,1088
10275,S700_1691,32,85.86,14,1102
10275,S700_2466,39,82.77,16,1143
10275,S700_2834,48,102.04,8,1165
10275,S700_3167,43,72,15,1166
10275,S700_4002,31,59.96,17,1188
10276,S12_1099,50,184.84,3,1216
10276,S12_2823,43,150.62,14,1286
10276,S12_3380,47,104.52,1,1323
10276,S12_3990,38,67.83,4,1337
10276,S18_3278,38,78,6,1370
10276,S18_3482,30,139.64,5,1401
10276,S18_3782,33,54.71,9,1501
10276,S18_4721,48,120.53,8,1504
10276,S24_2360,46,61.64,12,1611
10276,S24_3371,20,58.17,2,1612
10276,S24_4620,48,67.1,7,1619
10276,S32_2206,27,35.4,10,1621
10276,S32_4485,38,94.91,13,1625
10276,S50_4713,21,67.53,11,1702
10277,S12_4675,28,93.28,1,1002
10278,S18_1129,34,114.65,6,1056
10278,S18_1589,23,107.02,2,1076
10278,S18_1889,29,73.15,10,1088
10278,S18_1984,29,118.07,5,1102
10278,S18_2870,39,117.48,3,1143
10278,S18_3232,42,167.65,7,1165
10278,S18_3685,31,114.44,4,1166
10278,S24_1628,35,48.8,1,1188
10278,S24_2972,31,37.38,8,1216
10278,S24_3856,25,136.22,9,1286
10279,S18_4933,26,68.42,1,1323
10279,S24_1046,32,68.35,5,1337
10279,S24_2766,49,76.33,3,1370
10279,S24_2887,48,106.87,2,1401
10279,S24_3191,33,78.76,4,1501
10279,S24_3432,48,95.3,6,1504
10280,S10_1949,34,205.73,2,1611
10280,S18_1097,24,98,1,1612
10280,S18_1342,50,87.33,9,1619
10280,S18_1367,27,47.44,8,1621
10280,S18_1749,26,161.5,16,1625
10280,S18_2248,25,53.28,15,1702
10280,S18_2325,37,109.33,13,1002
10280,S18_2795,22,158.63,10,1056
10280,S18_2949,46,82.06,3,1076
10280,S18_2957,43,54.34,5,1088
10280,S18_3136,29,102.63,4,1102
10280,S18_3320,34,99.21,7,1143
10280,S18_4409,35,77.31,17,1165
10280,S24_1937,20,29.87,12,1166
10280,S24_2022,45,36.29,11,1188
10280,S24_3969,33,35.29,14,1216
10280,S24_4258,21,79.86,6,1286
10281,S10_4962,44,132.97,9,1323
10281,S12_1666,25,127.1,13,1337
10281,S12_4473,41,98.36,1,1370
10281,S18_2319,48,114.14,4,1401
10281,S18_2432,29,56.52,7,1501
10281,S18_3232,25,135.47,5,1504
10281,S18_4600,25,96.86,10,1611
10281,S18_4668,44,42.76,14,1612
10281,S24_2300,25,112.46,6,1619
10281,S24_2840,20,33.95,2,1621
10281,S32_1268,29,80.9,8,1625
10281,S32_2509,31,44.91,3,1702
10281,S32_3522,36,59.47,12,1002
10281,S700_2824,27,89.01,11,1056
10282,S12_1108,41,176.63,5,1076
10282,S12_3148,27,142.02,6,1088
10282,S12_3891,24,169.56,4,1102
10282,S18_2238,23,147.36,13,1143
10282,S18_3140,43,122.93,1,1165
10282,S18_3259,36,88.74,3,1166
10282,S18_4027,31,132.13,8,1188
10282,S24_1444,29,49.71,11,1216
10282,S24_4048,39,96.99,10,1286
10282,S32_3207,36,51.58,9,1323
10282,S50_1392,38,114.59,12,1337
10282,S50_1514,37,56.24,7,1370
10282,S700_1938,43,77.95,2,1401
10283,S10_4757,25,130.56,6,1501
10283,S18_3029,21,78.28,4,1504
10283,S18_3856,46,100.58,3,1611
10283,S18_4522,34,71.97,14,1612
10283,S24_2011,42,99.54,13,1619
10283,S24_3151,34,80.54,8,1621
10283,S24_3816,33,77.15,5,1625
10283,S700_1138,45,62,9,1702
10283,S700_2047,20,74.23,2,1002
10283,S700_2610,47,68.67,7,1056
10283,S700_3505,22,88.15,10,1076
10283,S700_3962,38,85.41,11,1088
10283,S72_1253,43,41.22,1,1102
10283,S72_3212,33,49.14,12,1143
10284,S18_1662,45,137.19,11,1165
10284,S18_2581,31,68.43,1,1166
10284,S24_1785,22,101.76,3,1188
10284,S24_2841,30,65.08,12,1216
10284,S24_3420,39,59.83,13,1286
10284,S24_3949,21,65.51,10,1323
10284,S24_4278,21,66.65,2,1337
10284,S32_4289,50,60.54,4,1370
10284,S50_1341,33,35.78,5,1401
10284,S700_1691,24,87.69,6,1501
10284,S700_2466,45,95.73,8,1504
10284,S700_3167,25,68,7,1611
10284,S700_4002,32,73.29,9,1612
10285,S10_1678,36,95.7,6,1619
10285,S10_2016,47,110.61,9,1621
10285,S10_4698,27,166.55,8,1625
10285,S12_2823,49,131.04,5,1702
10285,S18_2625,20,50.88,10,1002
10285,S24_1578,34,91.29,7,1056
10285,S24_2000,39,61.7,11,1076
10285,S24_2360,38,64.41,3,1088
10285,S32_1374,37,82.91,12,1102
10285,S32_2206,37,36.61,1,1143
10285,S32_4485,26,100.01,4,1165
10285,S50_4713,39,76.48,2,1166
10285,S700_2834,45,102.04,13,1188
10286,S18_3782,38,51.6,1,1216
10287,S12_1099,21,190.68,12,1286
10287,S12_3380,45,117.44,10,1323
10287,S12_3990,41,74.21,13,1337
10287,S12_4675,23,107.1,9,1370
10287,S18_1129,41,113.23,4,1401
10287,S18_1889,44,61.6,8,1501
10287,S18_1984,24,123.76,3,1504
10287,S18_2870,44,114.84,1,1611
10287,S18_3232,36,137.17,5,1612
10287,S18_3278,43,68.35,15,1619
10287,S18_3482,40,127.88,14,1621
10287,S18_3685,27,139.87,2,1625
10287,S18_4721,34,119.04,17,1702
10287,S24_2972,36,31.34,6,1002
10287,S24_3371,20,58.17,11,1056
10287,S24_3856,36,137.62,7,1076
10287,S24_4620,40,79.22,16,1088
10288,S18_1589,20,120.71,14,1102
10288,S18_1749,32,168.3,5,1143
10288,S18_2248,28,50.25,4,1165
10288,S18_2325,31,102.98,2,1166
10288,S18_4409,35,90.19,6,1188
10288,S18_4933,23,57.02,7,1216
10288,S24_1046,36,66.88,11,1286
10288,S24_1628,50,49.3,13,1323
10288,S24_1937,29,32.19,1,1337
10288,S24_2766,35,81.78,9,1370
10288,S24_2887,48,109.22,8,1401
10288,S24_3191,34,76.19,10,1501
10288,S24_3432,41,101.73,12,1504
10288,S24_3969,33,37.75,3,1611
10289,S18_1342,38,92.47,2,1612
10289,S18_1367,24,44.75,1,1619
10289,S18_2795,43,141.75,3,1621
10289,S24_2022,45,41.22,4,1625
10290,S18_3320,26,80.36,2,1702
10290,S24_4258,45,83.76,1,1002
10291,S10_1949,37,210.01,11,1056
10291,S10_4962,30,141.83,4,1076
10291,S12_1666,41,123,8,1088
10291,S18_1097,41,96.84,10,1102
10291,S18_2432,26,52.26,2,1143
10291,S18_2949,47,99.28,12,1165
10291,S18_2957,37,56.21,14,1166
10291,S18_3136,23,93.2,13,1188
10291,S18_4600,48,96.86,5,1216
10291,S18_4668,29,45.28,9,1286
10291,S24_2300,48,109.9,1,1323
10291,S32_1268,26,82.83,3,1337
10291,S32_3522,32,53,7,1370
10291,S700_2824,28,86.99,6,1401
10292,S12_4473,21,94.8,8,1501
10292,S18_2238,26,140.81,7,1504
10292,S18_2319,41,103.09,11,1611
10292,S18_3232,21,147.33,12,1612
10292,S18_4027,44,114.9,2,1619
10292,S24_1444,40,48.55,5,1621
10292,S24_2840,39,34.3,9,1625
10292,S24_4048,27,113.55,4,1702
10292,S32_2509,50,54.11,10,1002
10292,S32_3207,31,59.65,3,1056
10292,S50_1392,41,113.44,6,1076
10292,S50_1514,35,49.79,1,1088
10293,S12_1108,46,187.02,8,1102
10293,S12_3148,24,129.93,9,1143
10293,S12_3891,45,171.29,7,1165
10293,S18_3140,24,110.64,4,1166
10293,S18_3259,22,91.76,6,1188
10293,S18_4522,49,72.85,3,1216
10293,S24_2011,21,111.83,2,1286
10293,S700_1938,29,77.95,5,1323
10293,S72_3212,32,51.32,1,1337
10294,S700_3962,45,98.32,1,1370
10295,S10_4757,24,136,1,1401
10295,S24_3151,46,84.08,3,1501
10295,S700_1138,26,62,4,1504
10295,S700_2610,44,71.56,2,1611
10295,S700_3505,34,93.16,5,1612
10296,S18_1662,36,146.65,7,1619
10296,S18_3029,21,69.68,13,1621
10296,S18_3856,22,105.87,12,1625
10296,S24_2841,21,60.97,8,1702
10296,S24_3420,31,63.78,9,1002
10296,S24_3816,22,83.02,14,1056
10296,S24_3949,32,63.46,6,1076
10296,S50_1341,26,41.02,1,1088
10296,S700_1691,42,75.81,2,1102
10296,S700_2047,34,89.61,11,1143
10296,S700_2466,24,96.73,4,1165
10296,S700_3167,22,74.4,3,1166
10296,S700_4002,47,61.44,5,1188
10296,S72_1253,21,46.68,10,1216
10297,S18_2581,25,81.95,4,1286
10297,S24_1785,32,107.23,6,1323
10297,S24_2000,32,70.08,1,1337
10297,S24_4278,23,71.73,5,1370
10297,S32_1374,26,88.9,2,1401
10297,S32_4289,28,63.29,7,1501
10297,S700_2834,35,111.53,3,1504
10298,S10_2016,39,105.86,1,1611
10298,S18_2625,32,60.57,2,1612
10299,S10_1678,23,76.56,9,1619
10299,S10_4698,29,164.61,11,1621
10299,S12_2823,24,123.51,8,1625
10299,S18_3782,39,62.17,3,1702
10299,S18_4721,49,119.04,2,1002
10299,S24_1578,47,107.07,10,1056
10299,S24_2360,33,58.87,6,1076
10299,S24_4620,32,66.29,1,1088
10299,S32_2206,24,36.21,4,1102
10299,S32_4485,38,84.7,7,1143
10299,S50_4713,44,77.29,5,1165
10300,S12_1099,33,184.84,5,1166
10300,S12_3380,29,116.27,3,1188
10300,S12_3990,22,76.61,6,1216
10300,S12_4675,23,95.58,2,1286
10300,S18_1889,41,63.14,1,1323
10300,S18_3278,49,65.94,8,1337
10300,S18_3482,23,144.05,7,1370
10300,S24_3371,31,52.05,4,1401
10301,S18_1129,37,114.65,8,1501
10301,S18_1589,32,118.22,4,1504
10301,S18_1984,47,119.49,7,1611
10301,S18_2870,22,113.52,5,1612
10301,S18_3232,23,135.47,9,1619
10301,S18_3685,39,137.04,6,1621
10301,S24_1046,27,64.67,1,1625
10301,S24_1628,22,40.75,3,1702
10301,S24_2972,48,32.1,10,1002
10301,S24_3432,22,86.73,2,1056
10301,S24_3856,50,122.17,11,1076
10302,S18_1749,43,166.6,1,1088
10302,S18_4409,38,82.83,2,1102
10302,S18_4933,23,70.56,3,1143
10302,S24_2766,49,75.42,5,1165
10302,S24_2887,45,104.52,4,1166
10302,S24_3191,48,74.48,6,1188
10303,S18_2248,46,56.91,2,1216
10303,S24_3969,24,35.7,1,1286
10304,S10_1949,47,201.44,6,1323
10304,S12_1666,39,117.54,3,1337
10304,S18_1097,46,106.17,5,1370
10304,S18_1342,37,95.55,13,1401
10304,S18_1367,37,46.9,12,1501
10304,S18_2325,24,102.98,17,1504
10304,S18_2795,20,141.75,14,1611
10304,S18_2949,46,98.27,7,1612
10304,S18_2957,24,54.34,9,1619
10304,S18_3136,26,90.06,8,1621
10304,S18_3320,38,95.24,11,1625
10304,S18_4668,34,44.27,4,1702
10304,S24_1937,23,29.21,16,1002
10304,S24_2022,44,42.11,15,1056
10304,S24_4258,33,80.83,10,1076
10304,S32_3522,36,52.36,2,1088
10304,S700_2824,40,80.92,1,1102
10305,S10_4962,38,130.01,13,1143
10305,S12_4473,38,107.84,5,1165
10305,S18_2238,27,132.62,4,1166
10305,S18_2319,36,117.82,8,1188
10305,S18_2432,41,58.95,11,1216
10305,S18_3232,37,160.87,9,1286
10305,S18_4600,22,112.6,14,1323
10305,S24_1444,45,48.55,2,1337
10305,S24_2300,24,107.34,10,1370
10305,S24_2840,48,30.76,6,1401
10305,S24_4048,36,118.28,1,1501
10305,S32_1268,28,94.38,12,1504
10305,S32_2509,40,48.7,7,1611
10305,S50_1392,42,109.96,3,1612
10306,S12_1108,31,182.86,13,1619
10306,S12_3148,34,145.04,14,1621
10306,S12_3891,20,145.34,12,1625
10306,S18_3140,32,114.74,9,1702
10306,S18_3259,40,83.7,11,1002
10306,S18_4027,23,126.39,16,1056
10306,S18_4522,39,85.14,8,1076
10306,S24_2011,29,109.37,7,1088
10306,S24_3151,31,76.12,2,1102
10306,S32_3207,46,60.28,17,1143
10306,S50_1514,34,51.55,15,1165
10306,S700_1138,50,61.34,3,1166
10306,S700_1938,38,73.62,10,1188
10306,S700_2610,43,62.16,1,1216
10306,S700_3505,32,99.17,4,1286
10306,S700_3962,30,87.39,5,1323
10306,S72_3212,35,48.05,6,1337
10307,S10_4757,22,118.32,9,1370
10307,S18_1662,39,135.61,1,1401
10307,S18_3029,31,71.4,7,1501
10307,S18_3856,48,92.11,6,1504
10307,S24_2841,25,58.23,2,1611
10307,S24_3420,22,64.44,3,1612
10307,S24_3816,22,75.47,8,1619
10307,S700_2047,34,81.47,5,1621
10307,S72_1253,34,44.2,4,1625
10308,S10_2016,34,115.37,2,1702
10308,S10_4698,20,187.85,1,1002
10308,S18_2581,27,81.95,7,1056
10308,S18_2625,34,48.46,3,1076
10308,S24_1785,31,99.57,9,1088
10308,S24_2000,47,68.55,4,1102
10308,S24_3949,43,58,16,1143
10308,S24_4278,44,71.73,8,1165
10308,S32_1374,24,99.89,5,1166
10308,S32_4289,46,61.22,10,1188
10308,S50_1341,47,37.09,11,1216
10308,S700_1691,21,73.07,12,1286
10308,S700_2466,35,88.75,14,1323
10308,S700_2834,31,100.85,6,1337
10308,S700_3167,21,79.2,13,1370
10308,S700_4002,39,62.93,15,1401
10309,S10_1678,41,94.74,5,1501
10309,S12_2823,26,144.6,4,1504
10309,S24_1578,21,96.92,6,1611
10309,S24_2360,24,59.56,2,1612
10309,S32_4485,50,93.89,3,1619
10309,S50_4713,28,74.04,1,1621
10310,S12_1099,33,165.38,10,1625
10310,S12_3380,24,105.7,8,1702
10310,S12_3990,49,77.41,11,1002
10310,S12_4675,25,101.34,7,1056
10310,S18_1129,37,128.8,2,1076
10310,S18_1889,20,66.99,6,1088
10310,S18_1984,24,129.45,1,1102
10310,S18_3232,48,159.18,3,1143
10310,S18_3278,27,70.76,13,1165
10310,S18_3482,49,122,12,1166
10310,S18_3782,42,59.06,16,1188
10310,S18_4721,40,133.92,15,1216
10310,S24_2972,33,33.23,4,1286
10310,S24_3371,38,50.21,9,1323
10310,S24_3856,45,139.03,5,1337
10310,S24_4620,49,75.18,14,1370
10310,S32_2206,36,38.62,17,1401
10311,S18_1589,29,124.44,9,1501
10311,S18_2870,43,114.84,10,1504
10311,S18_3685,32,134.22,11,1611
10311,S18_4409,41,92.03,1,1612
10311,S18_4933,25,66.99,2,1619
10311,S24_1046,26,70.55,6,1621
10311,S24_1628,45,48.8,8,1625
10311,S24_2766,28,89.05,4,1702
10311,S24_2887,43,116.27,3,1002
10311,S24_3191,25,85.61,5,1056
10311,S24_3432,46,91.02,7,1076
10312,S10_1949,48,214.3,3,1088
10312,S18_1097,32,101.5,2,1102
10312,S18_1342,43,102.74,10,1143
10312,S18_1367,25,43.67,9,1165
10312,S18_1749,48,146.2,17,1166
10312,S18_2248,30,48.43,16,1188
10312,S18_2325,31,111.87,14,1216
10312,S18_2795,25,150.19,11,1286
10312,S18_2949,37,91.18,4,1323
10312,S18_2957,35,54.34,6,1337
10312,S18_3136,38,93.2,5,1370
10312,S18_3320,33,84.33,8,1401
10312,S18_4668,39,44.27,1,1501
10312,S24_1937,39,27.88,13,1504
10312,S24_2022,23,43.46,12,1611
10312,S24_3969,31,40.21,15,1612
10312,S24_4258,44,96.42,7,1619
10313,S10_4962,40,141.83,7,1621
10313,S12_1666,21,131.2,11,1625
10313,S18_2319,29,109.23,2,1702
10313,S18_2432,34,52.87,5,1002
10313,S18_3232,25,143.94,3,1056
10313,S18_4600,28,110.18,8,1076
10313,S24_2300,42,102.23,4,1088
10313,S32_1268,27,96.31,6,1102
10313,S32_2509,38,48.7,1,1143
10313,S32_3522,34,55.59,10,1165
10313,S700_2824,30,96.09,9,1166
10314,S12_1108,38,176.63,5,1188
10314,S12_3148,46,125.4,6,1216
10314,S12_3891,36,169.56,4,1286
10314,S12_4473,45,95.99,14,1323
10314,S18_2238,42,135.9,13,1337
10314,S18_3140,20,129.76,1,1370
10314,S18_3259,23,84.71,3,1401
10314,S18_4027,29,129.26,8,1501
10314,S24_1444,44,51.44,11,1504
10314,S24_2840,39,31.82,15,1611
10314,S24_4048,38,111.18,10,1612
10314,S32_3207,35,58.41,9,1619
10314,S50_1392,28,115.75,12,1621
10314,S50_1514,38,50.38,7,1625
10314,S700_1938,23,83.15,2,1702
10315,S18_4522,36,78.12,7,1002
10315,S24_2011,35,111.83,6,1056
10315,S24_3151,24,78.77,1,1076
10315,S700_1138,41,60.67,2,1088
10315,S700_3505,31,99.17,3,1102
10315,S700_3962,37,88.39,4,1143
10315,S72_3212,40,51.32,5,1165
10316,S10_4757,33,126.48,17,1166
10316,S18_1662,27,140.34,9,1188
10316,S18_3029,21,72.26,15,1216
10316,S18_3856,47,89.99,14,1286
10316,S24_1785,25,93.01,1,1323
10316,S24_2841,34,67.14,10,1337
10316,S24_3420,47,55.23,11,1370
10316,S24_3816,25,77.15,16,1401
10316,S24_3949,30,67.56,8,1501
10316,S32_4289,24,59.16,2,1504
10316,S50_1341,34,36.66,3,1611
10316,S700_1691,34,74.9,4,1612
10316,S700_2047,45,73.32,13,1619
10316,S700_2466,23,85.76,6,1621
10316,S700_2610,48,67.22,18,1625
10316,S700_3167,48,77.6,5,1702
10316,S700_4002,44,68.11,7,1002
10316,S72_1253,34,43.7,12,1056
10317,S24_4278,35,69.55,1,1076
10318,S10_1678,46,84.22,1,1088
10318,S10_2016,45,102.29,4,1102
10318,S10_4698,37,189.79,3,1143
10318,S18_2581,31,81.95,9,1165
10318,S18_2625,42,49.67,5,1166
10318,S24_1578,48,93.54,2,1188
10318,S24_2000,26,60.94,6,1216
10318,S32_1374,47,81.91,7,1286
10318,S700_2834,50,102.04,8,1323
10319,S12_2823,30,134.05,9,1337
10319,S18_3278,46,77.19,1,1370
10319,S18_3782,44,54.71,4,1401
10319,S18_4721,45,120.53,3,1501
10319,S24_2360,31,65.8,7,1504
10319,S24_4620,43,78.41,2,1611
10319,S32_2206,29,35,5,1612
10319,S32_4485,22,96.95,8,1619
10319,S50_4713,45,79.73,6,1621
10320,S12_1099,31,184.84,3,1625
10320,S12_3380,35,102.17,1,1702
10320,S12_3990,38,63.84,4,1002
10320,S18_3482,25,139.64,5,1056
10320,S24_3371,26,60.62,2,1076
10321,S12_4675,24,105.95,15,1088
10321,S18_1129,41,123.14,10,1102
10321,S18_1589,44,120.71,6,1143
10321,S18_1889,37,73.92,14,1165
10321,S18_1984,25,142.25,9,1166
10321,S18_2870,27,126.72,7,1188
10321,S18_3232,33,164.26,11,1216
10321,S18_3685,28,138.45,8,1286
10321,S24_1046,30,68.35,3,1323
10321,S24_1628,48,42.76,5,1337
10321,S24_2766,30,74.51,1,1370
10321,S24_2972,37,31.72,12,1401
10321,S24_3191,39,81.33,2,1501
10321,S24_3432,21,103.87,4,1504
10321,S24_3856,26,137.62,13,1611
10322,S10_1949,40,180.01,1,1612
10322,S10_4962,46,141.83,8,1619
10322,S12_1666,27,136.67,9,1621
10322,S18_1097,22,101.5,10,1625
10322,S18_1342,43,92.47,14,1702
10322,S18_1367,41,44.21,5,1002
10322,S18_2325,50,120.77,6,1056
10322,S18_2432,35,57.12,11,1076
10322,S18_2795,36,158.63,2,1088
10322,S18_2949,33,100.3,12,1102
10322,S18_2957,41,54.34,13,1143
10322,S18_3136,48,90.06,7,1165
10322,S24_1937,20,26.55,3,1166
10322,S24_2022,30,40.77,4,1188
10323,S18_3320,33,88.3,2,1216
10323,S18_4600,47,96.86,1,1286
10324,S12_3148,27,148.06,1,1323
10324,S12_4473,26,100.73,7,1337
10324,S18_2238,47,142.45,8,1370
10324,S18_2319,33,105.55,10,1401
10324,S18_3232,27,137.17,12,1501
10324,S18_4027,49,120.64,13,1504
10324,S18_4668,38,49.81,6,1611
10324,S24_1444,25,49.71,14,1612
10324,S24_2300,31,107.34,2,1619
10324,S24_2840,30,29.35,9,1621
10324,S24_4258,33,95.44,3,1625
10324,S32_1268,20,91.49,11,1702
10324,S32_3522,48,60.76,4,1002
10324,S700_2824,34,80.92,5,1056
10325,S10_4757,47,111.52,6,1076
10325,S12_1108,42,193.25,8,1088
10325,S12_3891,24,166.1,1,1102
10325,S18_3140,24,114.74,9,1143
10325,S24_4048,44,114.73,5,1165
10325,S32_2509,38,44.37,3,1166
10325,S32_3207,28,55.3,2,1188
10325,S50_1392,38,99.55,4,1216
10325,S50_1514,44,56.24,7,1286
10326,S18_3259,32,94.79,6,1323
10326,S18_4522,50,73.73,5,1337
10326,S24_2011,41,120.43,4,1370
10326,S24_3151,41,86.74,3,1401
10326,S24_3816,20,81.34,2,1501
10326,S700_1138,39,60.67,1,1504
10327,S18_1662,25,154.54,6,1611
10327,S18_2581,45,74.34,8,1612
10327,S18_3029,25,74.84,5,1619
10327,S700_1938,20,79.68,7,1621
10327,S700_2610,21,65.05,1,1625
10327,S700_3505,43,85.14,2,1702
10327,S700_3962,37,83.42,3,1002
10327,S72_3212,37,48.05,4,1056
10328,S18_3856,34,104.81,6,1076
10328,S24_1785,47,87.54,14,1088
10328,S24_2841,48,67.82,1,1102
10328,S24_3420,20,56.55,2,1143
10328,S24_3949,35,55.96,3,1165
10328,S24_4278,43,69.55,4,1166
10328,S32_4289,24,57.1,5,1188
10328,S50_1341,34,42.33,7,1216
10328,S700_1691,27,84.03,8,1286
10328,S700_2047,41,75.13,9,1323
10328,S700_2466,37,95.73,10,1337
10328,S700_2834,33,117.46,11,1370
10328,S700_3167,33,71.2,13,1401
10328,S700_4002,39,69.59,12,1501
10329,S10_1678,42,80.39,1,1504
10329,S10_2016,20,109.42,2,1611
10329,S10_4698,26,164.61,3,1612
10329,S12_1099,41,182.9,5,1619
10329,S12_2823,24,128.03,6,1621
10329,S12_3380,46,117.44,13,1625
10329,S12_3990,33,74.21,14,1702
10329,S12_4675,39,102.49,15,1002
10329,S18_1889,29,66.22,9,1056
10329,S18_2625,38,55.72,12,1076
10329,S18_3278,38,65.13,10,1088
10329,S24_1578,30,104.81,7,1102
10329,S24_2000,37,71.6,4,1143
10329,S32_1374,45,80.91,11,1165
10329,S72_1253,44,41.22,8,1166
10330,S18_3482,37,136.7,3,1188
10330,S18_3782,29,59.06,2,1216
10330,S18_4721,50,133.92,4,1286
10330,S24_2360,42,56.1,1,1323
10331,S18_1129,46,120.31,6,1337
10331,S18_1589,44,99.55,14,1370
10331,S18_1749,44,154.7,7,1401
10331,S18_1984,30,135.14,8,1501
10331,S18_2870,26,130.68,10,1504
10331,S18_3232,27,169.34,11,1611
10331,S18_3685,26,132.8,12,1612
10331,S24_2972,27,37,13,1619
10331,S24_3371,25,55.11,9,1621
10331,S24_3856,21,139.03,1,1625
10331,S24_4620,41,70.33,2,1702
10331,S32_2206,28,33.39,3,1002
10331,S32_4485,32,100.01,4,1056
10331,S50_4713,20,74.04,5,1076
10332,S18_1342,46,89.38,15,1088
10332,S18_1367,27,51.21,16,1102
10332,S18_2248,38,53.88,9,1143
10332,S18_2325,35,116.96,8,1165
10332,S18_2795,24,138.38,1,1166
10332,S18_2957,26,53.09,17,1188
10332,S18_3136,40,100.53,18,1216
10332,S18_4409,50,92.03,2,1286
10332,S18_4933,21,70.56,3,1323
10332,S24_1046,23,61.73,4,1337
10332,S24_1628,20,47.29,5,1370
10332,S24_1937,45,29.87,6,1401
10332,S24_2022,26,43.01,10,1501
10332,S24_2766,39,84.51,7,1504
10332,S24_2887,44,108.04,11,1611
10332,S24_3191,45,77.91,12,1612
10332,S24_3432,31,94.23,13,1619
10332,S24_3969,41,34.47,14,1621
10333,S10_1949,26,188.58,3,1625
10333,S12_1666,33,121.64,6,1702
10333,S18_1097,29,110.84,7,1002
10333,S18_2949,31,95.23,5,1056
10333,S18_3320,46,95.24,2,1076
10333,S18_4668,24,42.26,8,1088
10333,S24_4258,39,95.44,1,1102
10333,S32_3522,33,62.05,4,1143
10334,S10_4962,26,130.01,2,1165
10334,S18_2319,46,108,6,1166
10334,S18_2432,34,52.87,1,1188
10334,S18_3232,20,147.33,3,1216
10334,S18_4600,49,101.71,4,1286
10334,S24_2300,42,117.57,5,1323
10335,S24_2840,33,32.88,2,1337
10335,S32_1268,44,77.05,1,1370
10335,S32_2509,40,49.78,3,1401
10336,S12_1108,33,176.63,10,1501
10336,S12_3148,33,126.91,11,1504
10336,S12_3891,49,141.88,1,1611
10336,S12_4473,38,95.99,3,1612
10336,S18_2238,49,153.91,6,1619
10336,S18_3140,48,135.22,12,1621
10336,S18_3259,21,100.84,7,1625
10336,S24_1444,45,49.71,4,1702
10336,S24_4048,31,113.55,5,1002
10336,S32_3207,31,59.03,9,1056
10336,S50_1392,23,109.96,8,1076
10336,S700_2824,46,94.07,2,1088
10337,S10_4757,25,131.92,8,1102
10337,S18_4027,36,140.75,3,1143
10337,S18_4522,29,76.36,2,1165
10337,S24_2011,29,119.2,4,1166
10337,S50_1514,21,54.48,6,1188
10337,S700_1938,36,73.62,9,1216
10337,S700_3505,31,84.14,1,1286
10337,S700_3962,36,83.42,7,1323
10337,S72_3212,42,49.14,5,1337
10338,S18_1662,41,137.19,1,1370
10338,S18_3029,28,80.86,3,1401
10338,S18_3856,45,93.17,2,1501
10339,S10_2016,40,117.75,4,1504
10339,S10_4698,39,178.17,3,1611
10339,S18_2581,27,79.41,2,1612
10339,S18_2625,30,48.46,1,1619
10339,S24_1578,27,96.92,10,1621
10339,S24_1785,21,106.14,7,1625
10339,S24_2841,55,67.82,12,1702
10339,S24_3151,55,73.46,13,1002
10339,S24_3420,29,57.86,14,1056
10339,S24_3816,42,72.96,16,1076
10339,S24_3949,45,57.32,11,1088
10339,S700_1138,22,53.34,5,1102
10339,S700_2047,55,86.9,15,1143
10339,S700_2610,50,62.16,9,1165
10339,S700_4002,50,66.63,8,1166
10339,S72_1253,27,49.66,6,1188
10340,S24_2000,55,62.46,8,1216
10340,S24_4278,40,63.76,1,1286
10340,S32_1374,55,95.89,2,1323
10340,S32_4289,39,67.41,3,1337
10340,S50_1341,40,37.09,4,1370
10340,S700_1691,30,73.99,5,1401
10340,S700_2466,55,81.77,7,1501
10340,S700_2834,29,98.48,6,1504
10341,S10_1678,41,84.22,9,1611
10341,S12_1099,45,192.62,2,1612
10341,S12_2823,55,120.5,8,1619
10341,S12_3380,44,111.57,1,1621
10341,S12_3990,36,77.41,10,1625
10341,S12_4675,55,109.4,7,1702
10341,S24_2360,32,63.03,6,1002
10341,S32_4485,31,95.93,4,1056
10341,S50_4713,38,78.11,3,1076
10341,S700_3167,34,70.4,5,1088
10342,S18_1129,40,118.89,2,1102
10342,S18_1889,55,63.14,1,1143
10342,S18_1984,22,115.22,3,1165
10342,S18_3232,30,167.65,4,1166
10342,S18_3278,25,76.39,5,1188
10342,S18_3482,55,136.7,7,1216
10342,S18_3782,26,57.82,8,1286
10342,S18_4721,38,124.99,11,1323
10342,S24_2972,39,30.59,9,1337
10342,S24_3371,48,60.01,10,1370
10342,S24_3856,42,112.34,6,1401
10343,S18_1589,36,109.51,4,1501
10343,S18_2870,25,118.8,3,1504
10343,S18_3685,44,127.15,2,1611
10343,S24_1628,27,44.78,6,1612
10343,S24_4620,30,76.8,1,1619
10343,S32_2206,29,37.41,5,1621
10344,S18_1749,45,168.3,1,1625
10344,S18_2248,40,49.04,2,1702
10344,S18_2325,30,118.23,3,1002
10344,S18_4409,21,80.99,4,1056
10344,S18_4933,26,68.42,5,1076
10344,S24_1046,29,61,7,1088
10344,S24_1937,20,27.88,6,1102
10345,S24_2022,43,38.98,1,1143
10346,S18_1342,42,88.36,3,1165
10346,S24_2766,25,87.24,1,1166
10346,S24_2887,24,117.44,5,1188
10346,S24_3191,24,80.47,2,1216
10346,S24_3432,26,103.87,6,1286
10346,S24_3969,22,38.57,4,1323
10347,S10_1949,30,188.58,1,1337
10347,S10_4962,27,132.97,2,1370
10347,S12_1666,29,132.57,3,1401
10347,S18_1097,42,113.17,5,1501
10347,S18_1367,21,46.36,7,1504
10347,S18_2432,50,51.05,8,1611
10347,S18_2795,21,136.69,6,1612
10347,S18_2949,48,84.09,9,1619
10347,S18_2957,34,60.59,10,1621
10347,S18_3136,45,95.3,11,1625
10347,S18_3320,26,84.33,12,1702
10347,S18_4600,45,115.03,4,1002
10348,S12_1108,48,207.8,8,1056
10348,S12_3148,47,122.37,4,1076
10348,S18_4668,29,43.77,6,1088
10348,S24_2300,37,107.34,1,1102
10348,S24_4258,39,82.78,2,1143
10348,S32_1268,42,90.53,3,1165
10348,S32_3522,31,62.7,5,1166
10348,S700_2824,32,100.14,7,1188
10349,S12_3891,26,166.1,10,1216
10349,S12_4473,48,114.95,9,1286
10349,S18_2238,38,142.45,8,1323
10349,S18_2319,38,117.82,7,1337
10349,S18_3232,48,164.26,6,1370
10349,S18_4027,34,140.75,5,1401
10349,S24_1444,48,50.29,4,1501
10349,S24_2840,36,31.47,3,1504
10349,S24_4048,23,111.18,2,1611
10349,S32_2509,33,44.37,1,1612
10350,S10_4757,26,110.16,5,1619
10350,S18_3029,43,84.3,6,1621
10350,S18_3140,44,135.22,1,1625
10350,S18_3259,41,94.79,2,1702
10350,S18_4522,30,70.22,3,1002
10350,S24_2011,34,98.31,7,1056
10350,S24_3151,30,86.74,9,1076
10350,S24_3816,25,77.15,10,1088
10350,S32_3207,27,61.52,14,1102
10350,S50_1392,31,104.18,8,1143
10350,S50_1514,44,56.82,17,1165
10350,S700_1138,46,56,11,1166
10350,S700_1938,28,76.22,4,1188
10350,S700_2610,29,68.67,12,1216
10350,S700_3505,31,87.15,13,1286
10350,S700_3962,25,97.32,16,1323
10350,S72_3212,20,48.05,15,1337
10351,S18_1662,39,143.5,1,1370
10351,S18_3856,20,104.81,2,1401
10351,S24_2841,25,64.4,5,1501
10351,S24_3420,38,53.92,4,1504
10351,S24_3949,34,68.24,3,1611
10352,S700_2047,23,75.13,3,1612
10352,S700_2466,49,87.75,2,1619
10352,S700_4002,22,62.19,1,1621
10352,S72_1253,49,46.18,4,1625
10353,S18_2581,27,71.81,1,1702
10353,S24_1785,28,107.23,2,1002
10353,S24_4278,35,69.55,3,1056
10353,S32_1374,46,86.9,5,1076
10353,S32_4289,40,68.1,7,1088
10353,S50_1341,40,35.78,8,1102
10353,S700_1691,39,73.07,9,1143
10353,S700_2834,48,98.48,4,1165
10353,S700_3167,43,74.4,6,1166
10354,S10_1678,42,84.22,6,1188
10354,S10_2016,20,95.15,2,1216
10354,S10_4698,42,178.17,3,1286
10354,S12_1099,31,157.6,9,1323
10354,S12_2823,35,141.58,4,1337
10354,S12_3380,29,98.65,11,1370
10354,S12_3990,23,76.61,12,1401
10354,S12_4675,28,100.19,13,1501
10354,S18_1889,21,76.23,8,1504
10354,S18_2625,28,49.06,10,1611
10354,S18_3278,36,69.15,7,1612
10354,S24_1578,21,96.92,5,1619
10354,S24_2000,28,62.46,1,1621
10355,S18_3482,23,117.59,7,1625
10355,S18_3782,31,60.3,1,1702
10355,S18_4721,25,124.99,2,1002
10355,S24_2360,41,56.1,3,1056
10355,S24_2972,36,37.38,4,1076
10355,S24_3371,44,60.62,6,1088
10355,S24_3856,32,137.62,8,1102
10355,S24_4620,28,75.18,9,1143
10355,S32_2206,38,32.99,10,1165
10355,S32_4485,40,93.89,5,1166
10356,S18_1129,43,120.31,8,1188
10356,S18_1342,50,82.19,9,1216
10356,S18_1367,22,44.75,6,1286
10356,S18_1984,27,130.87,2,1323
10356,S18_2325,29,106.79,3,1337
10356,S18_2795,30,158.63,1,1370
10356,S24_1937,48,31.86,5,1401
10356,S24_2022,26,42.11,7,1501
10356,S50_4713,26,78.11,4,1504
10357,S10_1949,32,199.3,10,1611
10357,S10_4962,43,135.92,9,1612
10357,S12_1666,49,109.34,8,1619
10357,S18_1097,39,112,1,1621
10357,S18_2432,41,58.95,7,1625
10357,S18_2949,41,91.18,6,1702
10357,S18_2957,49,59.34,5,1002
10357,S18_3136,44,104.72,4,1056
10357,S18_3320,25,84.33,3,1076
10357,S18_4600,28,105.34,2,1088
10358,S12_3148,49,129.93,5,1102
10358,S12_4473,42,98.36,9,1143
10358,S18_2238,20,142.45,10,1165
10358,S18_2319,20,99.41,11,1166
10358,S18_3232,32,137.17,12,1188
10358,S18_4027,25,117.77,13,1216
10358,S18_4668,30,46.29,8,1286
10358,S24_1444,44,56.07,14,1323
10358,S24_2300,41,127.79,7,1337
10358,S24_2840,36,33.59,4,1370
10358,S24_4258,41,88.62,6,1401
10358,S32_1268,41,82.83,1,1501
10358,S32_3522,36,51.71,2,1504
10358,S700_2824,27,85.98,3,1611
10359,S10_4757,48,122.4,6,1612
10359,S12_1108,42,180.79,8,1619
10359,S12_3891,49,162.64,5,1621
10359,S24_4048,22,108.82,7,1625
10359,S32_2509,36,45.45,3,1702
10359,S32_3207,22,62.14,1,1002
10359,S50_1392,46,99.55,2,1056
10359,S50_1514,25,47.45,4,1076
10360,S18_1662,50,126.15,12,1088
10360,S18_2581,41,68.43,13,1102
10360,S18_3029,46,71.4,14,1143
10360,S18_3140,29,122.93,8,1165
10360,S18_3259,29,94.79,18,1166
10360,S18_3856,40,101.64,15,1188
10360,S18_4522,40,76.36,1,1216
10360,S24_1785,22,106.14,17,1286
10360,S24_2011,31,100.77,2,1323
10360,S24_2841,49,55.49,16,1337
10360,S24_3151,36,70.81,3,1370
10360,S24_3816,22,78.83,4,1401
10360,S700_1138,32,64.67,5,1501
10360,S700_1938,26,86.61,6,1504
10360,S700_2610,30,70.11,7,1611
10360,S700_3505,35,83.14,9,1612
10360,S700_3962,31,92.36,10,1619
10360,S72_3212,31,54.05,11,1621
10361,S10_1678,20,92.83,13,1625
10361,S10_2016,26,114.18,8,1702
10361,S24_3420,34,62.46,6,1002
10361,S24_3949,26,61.42,7,1056
10361,S24_4278,25,68.83,1,1076
10361,S32_4289,49,56.41,2,1088
10361,S50_1341,33,35.78,3,1102
10361,S700_1691,20,88.6,4,1143
10361,S700_2047,24,85.99,14,1165
10361,S700_2466,26,91.74,9,1166
10361,S700_2834,44,107.97,5,1188
10361,S700_3167,44,76.8,10,1216
10361,S700_4002,35,62.19,11,1286
10361,S72_1253,23,47.67,12,1323
10362,S10_4698,22,182.04,4,1337
10362,S12_2823,22,131.04,1,1370
10362,S18_2625,23,53.91,3,1401
10362,S24_1578,50,91.29,2,1501
10363,S12_1099,33,180.95,3,1504
10363,S12_3380,34,106.87,4,1611
10363,S12_3990,34,68.63,5,1612
10363,S12_4675,46,103.64,6,1619
10363,S18_1889,22,61.6,7,1621
10363,S18_3278,46,69.15,10,1625
10363,S18_3482,24,124.94,11,1702
10363,S18_3782,32,52.22,12,1002
10363,S18_4721,28,123.5,13,1056
10363,S24_2000,21,70.08,8,1076
10363,S24_2360,43,56.1,14,1088
10363,S24_3371,21,52.05,15,1102
10363,S24_3856,31,113.75,1,1143
10363,S24_4620,43,75.99,9,1165
10363,S32_1374,50,92.9,2,1166
10364,S32_2206,48,38.22,1,1188
10365,S18_1129,30,116.06,1,1216
10365,S32_4485,22,82.66,3,1286
10365,S50_4713,44,68.34,2,1323
10366,S18_1984,34,116.65,3,1337
10366,S18_2870,49,105.6,2,1370
10366,S18_3232,34,154.1,1,1401
10367,S18_1589,49,105.77,1,1501
10367,S18_1749,37,144.5,3,1504
10367,S18_2248,45,50.25,4,1611
10367,S18_2325,27,124.59,5,1612
10367,S18_2795,32,140.06,7,1619
10367,S18_3685,46,131.39,6,1621
10367,S18_4409,43,77.31,8,1625
10367,S18_4933,44,66.99,9,1702
10367,S24_1046,21,72.76,10,1002
10367,S24_1628,38,50.31,11,1056
10367,S24_1937,23,29.54,13,1076
10367,S24_2022,28,43.01,12,1088
10367,S24_2972,36,36.25,2,1102
10368,S24_2766,40,73.6,2,1143
10368,S24_2887,31,115.09,5,1165
10368,S24_3191,46,83.04,1,1166
10368,S24_3432,20,93.16,4,1188
10368,S24_3969,46,36.52,3,1216
10369,S10_1949,41,195.01,2,1286
10369,S18_1342,44,89.38,8,1323
10369,S18_1367,32,46.36,7,1337
10369,S18_2949,42,100.3,1,1370
10369,S18_2957,28,51.84,6,1401
10369,S18_3136,21,90.06,5,1501
10369,S18_3320,45,80.36,4,1504
10369,S24_4258,40,93.49,3,1611
10370,S10_4962,35,128.53,4,1612
10370,S12_1666,49,128.47,8,1619
10370,S18_1097,27,100.34,1,1621
10370,S18_2319,22,101.87,5,1625
10370,S18_2432,22,60.16,7,1702
10370,S18_3232,27,167.65,9,1002
10370,S18_4600,29,105.34,6,1056
10370,S18_4668,20,41.76,2,1076
10370,S32_3522,25,63.99,3,1088
10371,S12_1108,32,178.71,6,1102
10371,S12_4473,49,104.28,4,1143
10371,S18_2238,25,160.46,7,1165
10371,S24_1444,25,53.75,12,1166
10371,S24_2300,20,126.51,5,1188
10371,S24_2840,45,35.01,8,1216
10371,S24_4048,28,95.81,9,1286
10371,S32_1268,26,82.83,1,1323
10371,S32_2509,20,44.37,2,1337
10371,S32_3207,30,53.44,11,1370
10371,S50_1392,48,97.23,10,1401
10371,S700_2824,34,83.95,3,1501
10372,S12_3148,40,146.55,4,1504
10372,S12_3891,34,140.15,1,1611
10372,S18_3140,28,131.13,3,1612
10372,S18_3259,25,91.76,5,1619
10372,S18_4027,48,119.2,6,1621
10372,S18_4522,41,78.99,7,1625
10372,S24_2011,37,102,8,1702
10372,S50_1514,24,56.82,9,1002
10372,S700_1938,44,74.48,2,1056
10373,S10_4757,39,118.32,3,1076
10373,S18_1662,28,143.5,4,1088
10373,S18_3029,22,75.7,5,1102
10373,S18_3856,50,99.52,6,1143
10373,S24_2841,38,58.92,7,1165
10373,S24_3151,33,82.31,12,1166
10373,S24_3420,46,53.92,11,1188
10373,S24_3816,23,83.86,10,1216
10373,S24_3949,39,62.1,13,1286
10373,S700_1138,44,58,14,1323
10373,S700_2047,32,76.94,15,1337
10373,S700_2610,41,69.39,16,1370
10373,S700_3505,34,94.16,2,1401
10373,S700_3962,37,83.42,8,1501
10373,S700_4002,45,68.11,17,1504
10373,S72_1253,25,44.2,9,1611
10373,S72_3212,29,48.05,1,1612
10374,S10_2016,39,115.37,5,1619
10374,S10_4698,22,158.8,1,1621
10374,S18_2581,42,75.19,2,1625
10374,S18_2625,22,48.46,4,1702
10374,S24_1578,38,112.7,6,1002
10374,S24_1785,46,107.23,3,1056
10375,S10_1678,21,76.56,12,1076
10375,S12_1099,45,184.84,7,1088
10375,S12_2823,49,150.62,13,1102
10375,S24_2000,23,67.03,9,1143
10375,S24_2360,20,60.26,14,1165
10375,S24_4278,43,60.13,2,1166
10375,S32_1374,37,87.9,3,1188
10375,S32_4289,44,59.85,4,1216
10375,S32_4485,41,96.95,15,1286
10375,S50_1341,49,36.22,5,1323
10375,S50_4713,49,69.16,8,1337
10375,S700_1691,37,86.77,6,1370
10375,S700_2466,33,94.73,1,1401
10375,S700_2834,25,98.48,10,1501
10375,S700_3167,44,69.6,11,1504
10376,S12_3380,35,98.65,1,1611
10377,S12_3990,24,65.44,5,1612
10377,S12_4675,50,112.86,1,1619
10377,S18_1129,35,124.56,2,1621
10377,S18_1889,31,61.6,4,1625
10377,S18_1984,36,125.18,6,1702
10377,S18_3232,39,143.94,3,1002
10378,S18_1589,34,121.95,5,1056
10378,S18_3278,22,66.74,4,1076
10378,S18_3482,43,146.99,10,1088
10378,S18_3782,28,60.3,9,1102
10378,S18_4721,49,122.02,8,1143
10378,S24_2972,41,30.59,7,1165
10378,S24_3371,46,52.66,6,1166
10378,S24_3856,33,129.2,3,1188
10378,S24_4620,41,80.84,2,1216
10378,S32_2206,40,35.8,1,1286
10379,S18_1749,39,156.4,2,1323
10379,S18_2248,27,50.85,1,1337
10379,S18_2870,29,113.52,5,1370
10379,S18_3685,32,134.22,4,1401
10379,S24_1628,32,48.8,3,1501
10380,S18_1342,27,88.36,13,1504
10380,S18_2325,40,119.5,10,1611
10380,S18_2795,21,156.94,8,1612
10380,S18_4409,32,78.23,1,1619
10380,S18_4933,24,66.99,2,1621
10380,S24_1046,34,66.88,3,1625
10380,S24_1937,32,29.87,4,1702
10380,S24_2022,27,37.63,5,1002
10380,S24_2766,36,77.24,6,1056
10380,S24_2887,44,111.57,7,1076
10380,S24_3191,44,77.05,9,1088
10380,S24_3432,34,91.02,11,1102
10380,S24_3969,43,32.82,12,1143
10381,S10_1949,36,182.16,3,1165
10381,S10_4962,37,138.88,6,1166
10381,S12_1666,20,132.57,1,1188
10381,S18_1097,48,114.34,2,1216
10381,S18_1367,25,49.6,9,1286
10381,S18_2432,35,60.77,7,1323
10381,S18_2949,41,100.3,8,1337
10381,S18_2957,40,51.22,4,1370
10381,S18_3136,35,93.2,5,1401
10382,S12_1108,34,166.24,10,1501
10382,S12_3148,37,145.04,11,1504
10382,S12_3891,34,143.61,12,1611
10382,S12_4473,32,103.1,13,1612
10382,S18_2238,25,160.46,5,1619
10382,S18_3320,50,84.33,7,1621
10382,S18_4600,39,115.03,1,1625
10382,S18_4668,39,46.29,2,1702
10382,S24_2300,20,120.12,3,1002
10382,S24_4258,33,97.39,4,1056
10382,S32_1268,26,85.72,6,1076
10382,S32_3522,48,57.53,8,1088
10382,S700_2824,34,101.15,9,1102
10383,S18_2319,27,119.05,11,1143
10383,S18_3140,24,125.66,9,1165
10383,S18_3232,47,155.79,6,1166
10383,S18_3259,26,83.7,12,1188
10383,S18_4027,38,137.88,1,1216
10383,S18_4522,28,77.24,7,1286
10383,S24_1444,22,52.6,2,1323
10383,S24_2840,40,33.24,3,1337
10383,S24_4048,21,117.1,4,1370
10383,S32_2509,32,53.57,5,1401
10383,S32_3207,44,55.93,8,1501
10383,S50_1392,29,94.92,13,1504
10383,S50_1514,38,48.62,10,1611
10384,S10_4757,34,129.2,4,1612
10384,S24_2011,28,114.29,3,1619
10384,S24_3151,43,71.69,2,1621
10384,S700_1938,49,71.02,1,1625
10385,S24_3816,37,78.83,2,1702
10385,S700_1138,25,62,1,1002
10386,S18_1662,25,130.88,7,1056
10386,S18_2581,21,72.65,18,1076
10386,S18_3029,37,73.12,5,1088
10386,S18_3856,22,100.58,6,1102
10386,S24_1785,33,101.76,11,1143
10386,S24_2841,39,56.86,1,1165
10386,S24_3420,35,54.57,9,1166
10386,S24_3949,41,55.96,12,1188
10386,S24_4278,50,71.73,8,1216
10386,S700_2047,29,85.09,13,1286
10386,S700_2466,37,90.75,14,1323
10386,S700_2610,37,67.22,10,1337
10386,S700_3167,32,68,17,1370
10386,S700_3505,45,83.14,2,1401
10386,S700_3962,30,80.44,3,1501
10386,S700_4002,44,59.22,15,1504
10386,S72_1253,50,47.67,16,1611
10386,S72_3212,43,52.42,4,1612
10387,S32_1374,44,79.91,1,1619
10388,S10_1678,42,80.39,4,1621
10388,S10_2016,50,118.94,5,1625
10388,S10_4698,21,156.86,7,1702
10388,S12_2823,44,125.01,6,1002
10388,S32_4289,35,58.47,8,1056
10388,S50_1341,27,41.02,1,1076
10388,S700_1691,46,74.9,2,1088
10388,S700_2834,50,111.53,3,1102
10389,S12_1099,26,182.9,4,1143
10389,S12_3380,25,95.13,6,1165
10389,S12_3990,36,76.61,7,1166
10389,S12_4675,47,102.49,8,1188
10389,S18_1889,49,63.91,3,1216
10389,S18_2625,39,52.09,5,1286
10389,S24_1578,45,112.7,1,1323
10389,S24_2000,49,61.7,2,1337
10390,S18_1129,36,117.48,14,1370
10390,S18_1984,34,132.29,15,1401
10390,S18_2325,31,102.98,16,1501
10390,S18_2795,26,162,7,1504
10390,S18_3278,40,75.59,9,1611
10390,S18_3482,50,135.23,1,1612
10390,S18_3782,36,54.09,2,1619
10390,S18_4721,49,122.02,3,1621
10390,S24_2360,35,67.87,4,1625
10390,S24_2972,37,35.87,5,1702
10390,S24_3371,46,51.43,6,1002
10390,S24_3856,45,134.81,8,1056
10390,S24_4620,30,66.29,10,1076
10390,S32_2206,41,39.02,11,1088
10390,S32_4485,45,101.03,12,1102
10390,S50_4713,22,81.36,13,1143
10391,S10_1949,24,195.01,4,1165
10391,S10_4962,37,121.15,7,1166
10391,S12_1666,39,110.7,9,1188
10391,S18_1097,29,114.34,10,1216
10391,S18_1342,35,102.74,2,1286
10391,S18_1367,42,47.44,3,1323
10391,S18_2432,44,57.73,5,1337
10391,S18_2949,32,99.28,6,1370
10391,S24_1937,33,26.55,8,1401
10391,S24_2022,24,36.29,1,1501
10392,S18_2957,37,61.21,3,1504
10392,S18_3136,29,103.67,2,1611
10392,S18_3320,36,98.22,1,1612
10393,S12_3148,35,145.04,8,1619
10393,S12_4473,32,99.54,10,1621
10393,S18_2238,20,137.53,11,1625
10393,S18_2319,38,104.32,7,1702
10393,S18_4600,30,106.55,9,1002
10393,S18_4668,44,41.76,1,1056
10393,S24_2300,33,112.46,2,1076
10393,S24_4258,33,88.62,3,1088
10393,S32_1268,38,84.75,4,1102
10393,S32_3522,31,63.35,5,1143
10393,S700_2824,21,83.95,6,1165
10394,S18_3232,22,135.47,5,1166
10394,S18_4027,37,124.95,1,1188
10394,S24_1444,31,53.18,2,1216
10394,S24_2840,46,35.36,6,1286
10394,S24_4048,37,104.09,7,1323
10394,S32_2509,36,47.08,3,1337
10394,S32_3207,30,55.93,4,1370
10395,S10_4757,32,125.12,2,1401
10395,S12_1108,33,205.72,1,1501
10395,S50_1392,46,98.39,4,1504
10395,S50_1514,45,57.99,3,1611
10396,S12_3891,33,155.72,3,1612
10396,S18_3140,33,129.76,2,1619
10396,S18_3259,24,91.76,4,1621
10396,S18_4522,45,83.38,5,1625
10396,S24_2011,49,100.77,6,1702
10396,S24_3151,27,77,7,1002
10396,S24_3816,37,77.99,8,1056
10396,S700_1138,39,62,1,1076
10397,S700_1938,32,69.29,5,1088
10397,S700_2610,22,62.88,4,1102
10397,S700_3505,48,86.15,3,1143
10397,S700_3962,36,80.44,2,1165
10397,S72_3212,34,52.96,1,1166
10398,S18_1662,33,130.88,11,1188
10398,S18_2581,34,82.79,15,1216
10398,S18_3029,28,70.54,18,1286
10398,S18_3856,45,92.11,17,1323
10398,S24_1785,43,100.67,16,1337
10398,S24_2841,28,60.29,3,1370
10398,S24_3420,34,61.15,13,1401
10398,S24_3949,41,56.64,2,1501
10398,S24_4278,45,65.93,14,1504
10398,S32_4289,22,60.54,4,1611
10398,S50_1341,49,38.84,5,1612
10398,S700_1691,47,78.55,6,1619
10398,S700_2047,36,75.13,7,1621
10398,S700_2466,22,98.72,8,1625
10398,S700_2834,23,102.04,9,1702
10398,S700_3167,29,76.8,10,1002
10398,S700_4002,36,62.19,12,1056
10398,S72_1253,34,41.22,1,1076
10399,S10_1678,40,77.52,8,1088
10399,S10_2016,51,99.91,7,1102
10399,S10_4698,22,156.86,6,1143
10399,S12_2823,29,123.51,5,1165
10399,S18_2625,30,51.48,4,1166
10399,S24_1578,57,104.81,3,1188
10399,S24_2000,58,75.41,2,1216
10399,S32_1374,32,97.89,1,1286
10400,S10_4757,64,134.64,9,1323
10400,S18_1662,34,129.31,1,1337
10400,S18_3029,30,74.84,7,1370
10400,S18_3856,58,88.93,6,1401
10400,S24_2841,24,55.49,2,1501
10400,S24_3420,38,59.18,3,1504
10400,S24_3816,42,74.64,8,1611
10400,S700_2047,46,82.37,5,1612
10400,S72_1253,20,41.71,4,1619
10401,S18_2581,42,75.19,3,1621
10401,S24_1785,38,87.54,5,1625
10401,S24_3949,64,59.37,12,1702
10401,S24_4278,52,65.93,4,1002
10401,S32_1374,49,81.91,1,1056
10401,S32_4289,62,62.6,6,1076
10401,S50_1341,56,41.46,7,1088
10401,S700_1691,11,77.64,8,1102
10401,S700_2466,85,98.72,10,1143
10401,S700_2834,21,96.11,2,1165
10401,S700_3167,77,73.6,9,1166
10401,S700_4002,40,66.63,11,1188
10402,S10_2016,45,118.94,1,1216
10402,S18_2625,55,58.15,2,1286
10402,S24_2000,59,61.7,3,1323
10403,S10_1678,24,85.17,7,1337
10403,S10_4698,66,174.29,9,1370
10403,S12_2823,66,122,6,1401
10403,S18_3782,36,55.33,1,1501
10403,S24_1578,46,109.32,8,1504
10403,S24_2360,27,57.49,4,1611
10403,S32_2206,30,35.8,2,1612
10403,S32_4485,45,88.78,5,1619
10403,S50_4713,31,65.09,3,1621
10404,S12_1099,64,163.44,3,1625
10404,S12_3380,43,102.17,1,1702
10404,S12_3990,77,67.03,4,1002
10404,S18_3278,90,67.54,6,1056
10404,S18_3482,28,127.88,5,1076
10404,S18_4721,48,124.99,8,1088
10404,S24_3371,49,53.27,2,1102
10404,S24_4620,48,65.48,7,1143
10405,S12_4675,97,115.16,5,1165
10405,S18_1889,61,72.38,4,1166
10405,S18_3232,55,147.33,1,1188
10405,S24_2972,47,37.38,2,1216
10405,S24_3856,76,127.79,3,1286
10406,S18_1129,61,124.56,3,1323
10406,S18_1984,48,133.72,2,1337
10406,S18_3685,65,117.26,1,1370
10407,S18_1589,59,114.48,11,1401
10407,S18_1749,76,141.1,2,1501
10407,S18_2248,42,58.12,1,1504
10407,S18_2870,41,132,12,1611
10407,S18_4409,6,91.11,3,1612
10407,S18_4933,66,64.14,4,1619
10407,S24_1046,26,68.35,8,1621
10407,S24_1628,64,45.78,10,1625
10407,S24_2766,76,81.78,6,1702
10407,S24_2887,59,98.65,5,1002
10407,S24_3191,13,77.05,7,1056
10407,S24_3432,43,101.73,9,1076
10408,S24_3969,15,41.03,1,1088
10409,S18_2325,6,104.25,2,1102
10409,S24_1937,61,27.88,1,1143
10410,S18_1342,65,99.66,7,1165
10410,S18_1367,44,51.21,6,1166
10410,S18_2795,56,145.13,8,1188
10410,S18_2949,47,93.21,1,1216
10410,S18_2957,53,49.97,3,1286
10410,S18_3136,34,84.82,2,1323
10410,S18_3320,44,81.35,5,1337
10410,S24_2022,31,42.56,9,1370
10410,S24_4258,50,95.44,4,1401
10411,S10_1949,23,205.73,9,1501
10411,S10_4962,27,144.79,2,1504
10411,S12_1666,40,110.7,6,1611
10411,S18_1097,27,109.67,8,1612
10411,S18_4600,46,106.55,3,1619
10411,S18_4668,35,41.25,7,1621
10411,S32_1268,26,78.01,1,1625
10411,S32_3522,27,60.76,5,1702
10411,S700_2824,34,89.01,4,1002
10412,S12_4473,54,100.73,5,1056
10412,S18_2238,41,150.63,4,1076
10412,S18_2319,56,120.28,8,1088
10412,S18_2432,47,49.83,11,1102
10412,S18_3232,60,157.49,9,1143
10412,S24_1444,21,47.4,2,1165
10412,S24_2300,70,109.9,10,1166
10412,S24_2840,30,32.88,6,1188
10412,S24_4048,31,108.82,1,1216
10412,S32_2509,19,50.86,7,1286
10412,S50_1392,26,105.33,3,1323
10413,S12_1108,36,201.57,2,1337
10413,S12_3148,47,145.04,3,1370
10413,S12_3891,22,173.02,1,1401
10413,S18_4027,49,133.57,5,1501
10413,S32_3207,24,56.55,6,1504
10413,S50_1514,51,53.31,4,1611
10414,S10_4757,49,114.24,3,1612
10414,S18_3029,44,77.42,1,1619
10414,S18_3140,41,128.39,12,1621
10414,S18_3259,48,85.71,14,1625
10414,S18_4522,56,83.38,11,1702
10414,S24_2011,43,108.14,10,1002
10414,S24_3151,60,72.58,5,1056
10414,S24_3816,51,72.96,2,1076
10414,S700_1138,37,62,6,1088
10414,S700_1938,34,74.48,13,1102
10414,S700_2610,31,61.44,4,1143
10414,S700_3505,28,84.14,7,1165
10414,S700_3962,40,84.41,8,1166
10414,S72_3212,47,54.6,9,1188
10415,S18_3856,51,86.81,5,1216
10415,S24_2841,21,60.97,1,1286
10415,S24_3420,18,59.83,2,1323
10415,S700_2047,32,73.32,4,1337
10415,S72_1253,42,43.2,3,1370
10416,S18_1662,24,129.31,14,1401
10416,S18_2581,15,70.96,4,1501
10416,S24_1785,47,90.82,6,1504
10416,S24_2000,32,62.46,1,1611
10416,S24_3949,18,64.83,13,1612
10416,S24_4278,48,70.28,5,1619
10416,S32_1374,45,86.9,2,1621
10416,S32_4289,26,68.1,7,1625
10416,S50_1341,37,39.71,8,1702
10416,S700_1691,23,88.6,9,1002
10416,S700_2466,22,84.76,11,1056
10416,S700_2834,41,98.48,3,1076
10416,S700_3167,39,65.6,10,1088
10416,S700_4002,43,63.67,12,1102
10417,S10_1678,66,79.43,2,1143
10417,S10_2016,45,116.56,5,1165
10417,S10_4698,56,162.67,4,1166
10417,S12_2823,21,144.6,1,1188
10417,S18_2625,36,58.75,6,1216
10417,S24_1578,35,109.32,3,1286
10418,S18_3278,16,70.76,2,1323
10418,S18_3482,27,139.64,1,1337
10418,S18_3782,33,56.57,5,1370
10418,S18_4721,28,120.53,4,1401
10418,S24_2360,52,64.41,8,1501
10418,S24_4620,10,66.29,3,1504
10418,S32_2206,43,36.61,6,1611
10418,S32_4485,50,100.01,9,1612
10418,S50_4713,40,72.41,7,1619
10419,S12_1099,12,182.9,13,1621
10419,S12_3380,10,111.57,11,1625
10419,S12_3990,34,64.64,14,1702
10419,S12_4675,32,99.04,10,1002
10419,S18_1129,38,117.48,5,1056
10419,S18_1589,37,100.8,1,1076
10419,S18_1889,39,67.76,9,1088
10419,S18_1984,34,133.72,4,1102
10419,S18_2870,55,116.16,2,1143
10419,S18_3232,35,165.95,6,1165
10419,S18_3685,43,114.44,3,1166
10419,S24_2972,15,32.1,7,1188
10419,S24_3371,55,52.66,12,1216
10419,S24_3856,70,112.34,8,1286
10420,S18_1749,37,153,5,1323
10420,S18_2248,36,52.06,4,1337
10420,S18_2325,45,116.96,2,1370
10420,S18_4409,66,73.62,6,1401
10420,S18_4933,36,68.42,7,1501
10420,S24_1046,60,60.26,11,1504
10420,S24_1628,37,48.8,13,1611
10420,S24_1937,45,32.19,1,1612
10420,S24_2766,39,76.33,9,1619
10420,S24_2887,55,115.09,8,1621
10420,S24_3191,35,77.05,10,1625
10420,S24_3432,26,104.94,12,1702
10420,S24_3969,15,35.29,3,1002
10421,S18_2795,35,167.06,1,1056
10421,S24_2022,40,44.8,2,1076
10422,S18_1342,51,91.44,2,1088
10422,S18_1367,25,47.44,1,1102
10423,S18_2949,10,89.15,1,1143
10423,S18_2957,31,56.21,3,1165
10423,S18_3136,21,98.44,2,1166
10423,S18_3320,21,80.36,5,1188
10423,S24_4258,28,78.89,4,1216
10424,S10_1949,50,201.44,6,1286
10424,S12_1666,49,121.64,3,1323
10424,S18_1097,54,108.5,5,1337
10424,S18_4668,26,40.25,4,1370
10424,S32_3522,44,54.94,2,1401
10424,S700_2824,46,85.98,1,1501
10425,S10_4962,38,131.49,12,1504
10425,S12_4473,33,95.99,4,1611
10425,S18_2238,28,147.36,3,1612
10425,S18_2319,38,117.82,7,1619
10425,S18_2432,19,48.62,10,1621
10425,S18_3232,28,140.55,8,1625
10425,S18_4600,38,107.76,13,1702
10425,S24_1444,55,53.75,1,1002
10425,S24_2300,49,127.79,9,1056
10425,S24_2840,31,31.82,5,1076
10425,S32_1268,41,83.79,11,1088
10425,S32_2509,11,50.32,6,1102
10425,S50_1392,18,94.92,2,1143
